,SB,SW,SR,SN,SE,SS,PUN,SP,PJ,PW,PR,PS,PI,PC,PL,PM,PZ,PX,PF,PA,PN,BF,FB,FG,FL,FM,FS,CE,CW,CY,CR,LA,LE,LW,LS,HE,HW,HM,TA,TE,OC,PO,PL,PB,PD,PX,PA,BP,BW,BY,BT,BL,BM,BC,BUN,MH,MS,AG,MB,MN,MM,ST,MP,OR,OW,OB,OK,OP,OS,OC,OE,OX,OY,OL,AB,AW,AX,AH,AM,EA,ER,ES,EU,EX,HB,HS,HC,HG,WB,BU,CB,CP,CV,CD,CH,SA,SBW,SF,SH,SK,SL,SM,SNW,SO,AL,AGL,AR,AV,BE,BI,CA,BA,BD,IW,BLUE,SY,TU,HK,SAS,GYM,GLED,MAG,PT,NYS,HAM,RHO,ROB,RHA,RHF,SOR,SOU,SOE,EUG,AT,CRB,AP,APM,CORN,CORA,CORS,VIB,VIBL,CEPH,OH,U
SB,1.0,0.88209313,0.8972144,0.90724564,0.88622475,0.8840622,0.8855093,0.9246806,0.8551289,0.818938,0.8447511,0.8230954,0.83503354,0.8561225,0.8337182,0.74732023,0.8132887,0.8303773,0.8394634,0.8213266,0.8806237,0.8841602,0.8268263,0.8561509,0.85771763,0.8673504,0.8650009,0.73859054,0.7545725,0.7819026,0.75436515,0.84228164,0.7988272,0.77291745,0.79849243,0.81364137,0.809209,0.8102979,0.76948065,0.7808538,0.83687866,0.7746968,0.7406776,0.7825934,0.7421816,0.77879167,0.76417136,0.7610983,0.8050981,0.8012901,0.78943896,0.7976667,0.7685988,0.7651684,0.75914866,0.78239036,0.7935046,0.77961993,0.7734829,0.7769422,0.7898235,0.7640356,0.76737887,0.7505121,0.76754004,0.7384597,0.7510991,0.76121163,0.7257383,0.70615315,0.74872756,0.73881805,0.73598075,0.72549605,0.80087173,0.7437359,0.7400328,0.7486879,0.76123935,0.7343811,0.7078067,0.7448143,0.7194952,0.7340399,0.7503327,0.73668677,0.7356397,0.75246716,0.78284883,0.763662,0.80490255,0.7969887,0.7481112,0.75012034,0.72385395,0.77463335,0.751865,0.72774035,0.714944,0.7704536,0.73950994,0.7795508,0.73421586,0.7147043,0.76615244,0.75890213,0.7591573,0.74869084,0.7630246,0.7444992,0.74863106,0.7415793,0.71116364,0.7408438,0.7703693,0.7506711,0.74144477,0.7463182,0.70803523,0.7569839,0.7570343,0.7424334,0.7094209,0.754773,0.6918743,0.6944754,0.76733583,0.73204887,0.7276908,0.7596915,0.75271505,0.7205417,0.719665,0.72728044,0.71865183,0.7252835,0.7186848,0.7080301,0.73607105,0.7380252,0.7201832,0.69616205,0.7098049,0.8160814,0.7326757
SW,0.88209313,1.0000001,0.910433,0.9203774,0.88385725,0.8899385,0.8760328,0.9294573,0.8506861,0.8756923,0.8518415,0.83771205,0.8504051,0.85642004,0.84738094,0.7487911,0.82583445,0.88536525,0.8284908,0.8610428,0.8813278,0.8822439,0.84802324,0.8942145,0.857575,0.88662577,0.91988075,0.7754382,0.76195294,0.7807156,0.76848435,0.80468446,0.82053715,0.8016697,0.777316,0.836449,0.8266088,0.80361944,0.76155007,0.78298146,0.8471806,0.7965765,0.77549314,0.7682149,0.75210094,0.78880847,0.8243827,0.7504736,0.7871944,0.7975717,0.78250813,0.7637193,0.7596868,0.7621257,0.77605367,0.8006787,0.7769166,0.77663445,0.76436806,0.7741689,0.78171444,0.76940995,0.7731344,0.7598127,0.82892525,0.7429458,0.7286484,0.75396675,0.7637616,0.72246957,0.7397842,0.77725893,0.75610584,0.7358676,0.7587882,0.80538887,0.7769745,0.74717194,0.77973413,0.75257707,0.7204217,0.75598824,0.7320012,0.7845969,0.7503798,0.73970425,0.7384086,0.7723505,0.76054907,0.77410126,0.75929874,0.7910132,0.73428726,0.74514294,0.7480948,0.7390629,0.81284446,0.7349644,0.7171612,0.7361533,0.7552258,0.77133876,0.73737746,0.74516994,0.7742028,0.75590974,0.7681572,0.751902,0.79150295,0.78285635,0.74747646,0.75489366,0.73159575,0.7269385,0.7461797,0.77003825,0.7216083,0.75513124,0.7318693,0.7318859,0.7470358,0.7366168,0.73099273,0.71506006,0.6988913,0.7125374,0.7266052,0.74119776,0.73962116,0.7393717,0.7428985,0.7175456,0.6988734,0.71009123,0.696743,0.7337558,0.7338121,0.68418354,0.70533663,0.72218525,0.69722146,0.6921452,0.69876695,0.79319286,0.7337925
SR,0.8972144,0.910433,1.0000001,0.9295324,0.8843406,0.8868978,0.90183413,0.9450778,0.8581006,0.8456236,0.88935447,0.8338165,0.86370355,0.8751762,0.8748905,0.7671598,0.8328047,0.8729168,0.8334446,0.83473504,0.8946505,0.8973938,0.854052,0.8948468,0.8600404,0.89400905,0.9053415,0.74033856,0.7861819,0.79554474,0.78999937,0.80013824,0.811991,0.8038993,0.7771317,0.8200216,0.81563145,0.8011304,0.77194875,0.7957698,0.8409415,0.8026874,0.7701445,0.76077366,0.75271124,0.7810476,0.772855,0.75238603,0.7856108,0.78175145,0.7603322,0.763758,0.7369692,0.7410208,0.7402459,0.7856988,0.82086164,0.7696373,0.75821674,0.78485024,0.8052472,0.76837933,0.7679371,0.79069996,0.77631146,0.7322148,0.72942185,0.7558346,0.71893746,0.71291214,0.7535314,0.76779515,0.7528908,0.75500405,0.7621366,0.76733637,0.7548951,0.756925,0.7826863,0.73766613,0.73445547,0.77355766,0.7186333,0.7510965,0.7610065,0.72898936,0.732369,0.7706435,0.76420003,0.77258825,0.7789924,0.80623084,0.74270236,0.76357114,0.7429126,0.7300927,0.7568865,0.7309057,0.71575916,0.73436505,0.74323314,0.7683848,0.7346478,0.73533803,0.77675635,0.7393585,0.806801,0.7583644,0.7819431,0.75858206,0.75442934,0.7492026,0.7200567,0.72804475,0.76908267,0.7591566,0.7568784,0.7307128,0.74543846,0.74119395,0.7611067,0.7364947,0.7317181,0.7183812,0.69980216,0.7295726,0.73604095,0.7539763,0.7383255,0.76021767,0.7645564,0.7262284,0.71956813,0.7163137,0.7217838,0.7486194,0.74743503,0.7101685,0.7211868,0.74293095,0.70660067,0.69228446,0.6830058,0.80644226,0.7314484
SN,0.90724564,0.9203774,0.9295324,1.0,0.89310944,0.89886427,0.90726256,0.95937467,0.8670931,0.8387604,0.84793794,0.8686808,0.86607015,0.87633264,0.86607647,0.7682795,0.8572693,0.85938066,0.84817976,0.83905464,0.9110967,0.90604234,0.8362666,0.90081024,0.86761665,0.8905301,0.90003955,0.7265594,0.7423029,0.7776879,0.7598543,0.80405205,0.84751725,0.7887355,0.79084337,0.8007507,0.8007924,0.79350084,0.7667339,0.77381486,0.8551243,0.7910048,0.7612745,0.76802266,0.7370199,0.7950314,0.8073818,0.776415,0.7880833,0.7799834,0.78219557,0.77091944,0.7387328,0.7406887,0.78144956,0.77037,0.7721715,0.7599565,0.74981165,0.8293584,0.7879195,0.75803983,0.7946919,0.74062884,0.7770097,0.726708,0.7193794,0.7615638,0.71902215,0.6998388,0.7546918,0.7514845,0.73541623,0.74901044,0.7603371,0.7537644,0.74959147,0.7395294,0.7849563,0.74367946,0.7166866,0.7494693,0.7609625,0.7899789,0.7355182,0.7254435,0.7179613,0.75203353,0.7469045,0.7470987,0.7726958,0.8162549,0.74578315,0.78392935,0.76962304,0.7319416,0.77581686,0.7191664,0.7223534,0.7545486,0.74113286,0.7690853,0.72694635,0.7327299,0.7721236,0.773913,0.7701069,0.7600131,0.7634429,0.7980876,0.7464994,0.7349677,0.7452212,0.71197784,0.7286886,0.753132,0.744724,0.73502624,0.7242053,0.73327506,0.7327682,0.7284897,0.7032734,0.7256843,0.68273824,0.70195633,0.75275195,0.7585386,0.7404599,0.75421906,0.75300986,0.74477667,0.7055114,0.7171937,0.7102325,0.7357491,0.7629596,0.7014084,0.7154824,0.721738,0.7146899,0.6841466,0.6781504,0.8015337,0.7553545
SE,0.88622475,0.88385725,0.8843406,0.89310944,1.0000002,0.8624555,0.87038386,0.9152857,0.85153425,0.8460305,0.8365087,0.8346952,0.8387567,0.8746357,0.8485863,0.8024245,0.82064664,0.85644865,0.86434454,0.8720272,0.8760109,0.8683623,0.84582627,0.86558235,0.89926374,0.8645094,0.88425076,0.7345513,0.74007577,0.79449695,0.7490712,0.8067385,0.8203038,0.8017037,0.79823846,0.8064463,0.79764116,0.8423798,0.76516473,0.77493614,0.8291215,0.78708607,0.762221,0.7667587,0.75298476,0.77949446,0.7671043,0.73945546,0.77847666,0.78882784,0.7671987,0.7707414,0.7474293,0.7551264,0.746212,0.78432715,0.780918,0.76440185,0.76835847,0.767094,0.79416823,0.762275,0.7643342,0.7469739,0.77216727,0.7102985,0.7343532,0.7516632,0.7226373,0.7242521,0.7554735,0.76037633,0.7607067,0.7232866,0.7567099,0.7696467,0.7592076,0.7438382,0.7724947,0.7646884,0.725297,0.75698483,0.7460103,0.76750094,0.7396413,0.718863,0.7278633,0.7529155,0.74852264,0.754529,0.7728116,0.7886274,0.7429699,0.7486456,0.7389613,0.73756117,0.7543311,0.71381515,0.7157954,0.74106324,0.73769355,0.7568706,0.72103786,0.70535135,0.77018726,0.7550875,0.77700675,0.7989365,0.7710904,0.76980233,0.75239235,0.7440216,0.71247816,0.72624075,0.7617975,0.75851303,0.7378099,0.74791706,0.73647654,0.749549,0.7209699,0.72886467,0.714736,0.73086584,0.69578224,0.701901,0.7120617,0.73987246,0.7387788,0.78702545,0.7620827,0.7433096,0.718311,0.71244025,0.69143414,0.7197277,0.7140367,0.70460385,0.7199807,0.7065586,0.70768535,0.6901542,0.6893586,0.7856605,0.73491335
SS,0.8840622,0.8899385,0.8868978,0.89886427,0.8624555,1.0000001,0.8710877,0.9129438,0.84737015,0.8210578,0.8494404,0.82769406,0.8613651,0.8573894,0.86291885,0.77060956,0.8331308,0.8569342,0.8430942,0.8190439,0.8826641,0.8694884,0.83406913,0.8809452,0.83901024,0.87652415,0.8723668,0.7531336,0.7820884,0.78548217,0.7724627,0.7987937,0.80532837,0.80322313,0.79669005,0.81766796,0.8356763,0.80807775,0.7754934,0.77589345,0.8330599,0.7623632,0.7517357,0.76451206,0.75532246,0.7866652,0.76887536,0.740062,0.7672485,0.7809647,0.76924646,0.76611507,0.75897354,0.7489964,0.7365835,0.76797676,0.7722794,0.750349,0.7515793,0.75089335,0.7652011,0.7496438,0.7662792,0.7446437,0.7570865,0.7166545,0.7214743,0.7619023,0.7364081,0.71893376,0.75403535,0.7501861,0.7563746,0.74669254,0.7679517,0.7532105,0.7517415,0.7556571,0.77055705,0.7386833,0.7140782,0.7333004,0.7216079,0.75378054,0.74981713,0.74196965,0.7507367,0.7684244,0.74648154,0.738148,0.75775874,0.78479624,0.7406168,0.7534794,0.72367364,0.7420175,0.7505342,0.7096434,0.7137531,0.735484,0.737635,0.75873697,0.7246661,0.72353923,0.7534257,0.7435232,0.7665979,0.7385791,0.76712763,0.75279045,0.7643371,0.73179144,0.71503884,0.71614087,0.73811114,0.7691051,0.741513,0.74752915,0.73082465,0.741385,0.7342111,0.7532544,0.74194074,0.7412011,0.68932164,0.69575715,0.7371768,0.7097909,0.7137648,0.74372935,0.7463463,0.7196524,0.727796,0.7341936,0.70683396,0.72965056,0.71056056,0.7096038,0.7228334,0.732882,0.709064,0.6908668,0.71005905,0.7829863,0.73072183
PUN,0.8855093,0.8760328,0.90183413,0.90726256,0.87038386,0.8710877,1.0,0.9172824,0.83979076,0.8237808,0.83508414,0.81828296,0.8561901,0.86689794,0.8619987,0.7708634,0.8479098,0.84893936,0.83720523,0.82662886,0.8856656,0.8684307,0.8228239,0.85983455,0.8246213,0.8616583,0.87276185,0.7159809,0.7402643,0.77726716,0.76977354,0.7777292,0.8141373,0.7910308,0.75826335,0.7855548,0.7848385,0.7960074,0.7801742,0.78636,0.8306234,0.7913248,0.7676055,0.7691524,0.74097604,0.7954656,0.77757066,0.780172,0.7878308,0.7807292,0.7867504,0.7790295,0.757923,0.7686672,0.7773351,0.7592652,0.7599356,0.7505794,0.7642047,0.79315984,0.7765304,0.74333376,0.77722204,0.7356687,0.75188285,0.7203861,0.7196141,0.7535204,0.7131101,0.71712685,0.74720246,0.75074494,0.74875265,0.75835955,0.7559205,0.7502984,0.7625736,0.78381336,0.7778231,0.72856706,0.68720293,0.7442787,0.7275,0.76079524,0.7430905,0.7138214,0.710098,0.75052774,0.7466758,0.7504076,0.77999234,0.8147317,0.7511257,0.795131,0.7693475,0.7494421,0.75680566,0.7566249,0.72166836,0.7567661,0.7581653,0.7716404,0.7362061,0.74281967,0.7744242,0.74943256,0.76367503,0.77465975,0.7578423,0.7588042,0.74035627,0.72632873,0.7269563,0.69131535,0.7565148,0.77488744,0.7370356,0.76032436,0.72776103,0.75188947,0.73384494,0.73338294,0.7168144,0.7094892,0.66837585,0.7271918,0.7375884,0.7492553,0.733443,0.7498676,0.75031793,0.73390055,0.7134411,0.7396345,0.7220742,0.7295728,0.7337764,0.69671416,0.70466495,0.7011945,0.7356173,0.7031767,0.7064804,0.7740911,0.7222988
SP,0.9246806,0.9294573,0.9450778,0.95937467,0.9152857,0.9129438,0.9172824,1.0000002,0.87454665,0.85497653,0.8751536,0.8577701,0.8751081,0.89247715,0.88305163,0.77654785,0.8391944,0.87747836,0.86008203,0.8513353,0.93797773,0.9181455,0.8528415,0.9080536,0.88151026,0.9026617,0.9145708,0.73696786,0.74675226,0.7886845,0.77100384,0.81848764,0.8350104,0.808827,0.8056274,0.8346124,0.8305478,0.81727576,0.7738111,0.7955784,0.88744855,0.79903036,0.76888216,0.7784709,0.75150126,0.80933815,0.79520726,0.7581239,0.7953166,0.8031612,0.78613555,0.77870595,0.7509451,0.7611731,0.7632188,0.7914222,0.79932606,0.76671433,0.7669179,0.78848076,0.80472076,0.77360946,0.788211,0.75435597,0.7862217,0.7311746,0.72955763,0.7620132,0.731458,0.7080533,0.7572781,0.76656866,0.7532587,0.7524642,0.7749215,0.7798289,0.77224666,0.76053387,0.80959404,0.7558751,0.72167575,0.75734925,0.7431341,0.77128696,0.7580569,0.7350181,0.73218346,0.7658663,0.76152754,0.7677233,0.78248394,0.8151432,0.7550489,0.7714564,0.7544161,0.7314049,0.7682251,0.7264925,0.71586204,0.75208545,0.7487709,0.7818166,0.7383704,0.7334524,0.7648694,0.74959475,0.7655281,0.7543489,0.78778386,0.7794691,0.75364494,0.75246525,0.7411978,0.71862775,0.75532216,0.76187027,0.7504557,0.7490383,0.74150735,0.74160904,0.7449652,0.73959523,0.7231587,0.72545767,0.7069694,0.7077378,0.7369833,0.7453285,0.7384168,0.7626035,0.75730395,0.7376261,0.7168949,0.7274466,0.7304989,0.7351006,0.7449908,0.71275127,0.73469895,0.7248248,0.7197951,0.69984215,0.7007409,0.8243959,0.76361614
PJ,0.8551289,0.8506861,0.8581006,0.8670931,0.85153425,0.84737015,0.83979076,0.87454665,1.0,0.850824,0.8874676,0.88172925,0.9067606,0.90048194,0.88643044,0.7921365,0.8683224,0.8649104,0.86177427,0.8793008,0.922807,0.8586363,0.84828496,0.8583518,0.83544403,0.8517338,0.87328565,0.7577342,0.7593913,0.77876884,0.78323793,0.8114363,0.80987704,0.81220037,0.7927816,0.8013094,0.80090153,0.7899031,0.76515704,0.7765717,0.8492228,0.7764283,0.7649684,0.7656068,0.7795905,0.7963534,0.78693914,0.7504853,0.7886181,0.78773427,0.80075705,0.7574624,0.77290815,0.7723467,0.7685813,0.76055974,0.7840055,0.7522963,0.7586208,0.77982664,0.7614242,0.733389,0.76785135,0.7612343,0.77837074,0.7623936,0.76213264,0.7747368,0.75224245,0.7400681,0.78427166,0.7897179,0.7687707,0.77301466,0.78063107,0.776258,0.76566154,0.76525027,0.7891433,0.73344994,0.7298913,0.7354917,0.7226356,0.7185981,0.7816511,0.75917226,0.75641775,0.76407075,0.7637235,0.771646,0.765102,0.79719675,0.7388886,0.76184267,0.7401285,0.76221895,0.77543765,0.744838,0.744146,0.76014984,0.7460182,0.7734479,0.72560257,0.74767137,0.74595404,0.74973774,0.7724607,0.7392204,0.73970544,0.7397423,0.78458095,0.7602979,0.737349,0.73059237,0.78373814,0.80703336,0.730513,0.75838304,0.75789654,0.7531496,0.74330205,0.71722984,0.75231314,0.74804807,0.70723665,0.73518276,0.7726477,0.7334991,0.7135054,0.7779042,0.7724638,0.75694126,0.69889116,0.7235088,0.7216112,0.763733,0.7250211,0.7280205,0.730481,0.7358793,0.69122815,0.6865621,0.7341098,0.7801327,0.7257056
PW,0.818938,0.8756923,0.8456236,0.8387604,0.8460305,0.8210578,0.8237808,0.85497653,0.850824,1.0000002,0.8929297,0.8432607,0.84680796,0.85020447,0.83228123,0.74093807,0.83056647,0.86858,0.83628166,0.8662646,0.88281167,0.8402673,0.810931,0.86037755,0.82042474,0.838761,0.8816531,0.8148468,0.7395824,0.75865483,0.77195406,0.77942693,0.79670453,0.7791498,0.7675601,0.86092556,0.7917181,0.7917851,0.73961407,0.7674103,0.809204,0.7971024,0.79816663,0.7746928,0.7963947,0.79422444,0.81042254,0.7530274,0.7653477,0.8111327,0.76955473,0.74300766,0.753595,0.7506474,0.77883923,0.8218887,0.77641785,0.77617943,0.7569264,0.7757708,0.7619046,0.7930505,0.76474863,0.78261596,0.81169313,0.7428032,0.7347505,0.74094206,0.7511598,0.72462213,0.746405,0.7609841,0.7388265,0.69975823,0.75058746,0.82700974,0.7792833,0.74611205,0.76736236,0.79809356,0.7326317,0.74988604,0.7397723,0.74008554,0.7541569,0.75251704,0.7489641,0.76207995,0.75408024,0.76054984,0.79274476,0.77889377,0.7276422,0.7615622,0.7393554,0.73817235,0.78498125,0.74421436,0.73031086,0.73764664,0.7308917,0.7541948,0.7063462,0.71977156,0.7450849,0.76498973,0.7700553,0.7428042,0.79484445,0.75664425,0.7632942,0.7802261,0.72183484,0.75159895,0.7629159,0.79660344,0.7325511,0.766283,0.7361421,0.73451126,0.7429426,0.72594523,0.72887844,0.7216259,0.6937206,0.7047675,0.7191389,0.7292436,0.73327947,0.77282447,0.7474114,0.74084806,0.71679914,0.7143926,0.6944461,0.74071807,0.7291196,0.694011,0.7496603,0.71351653,0.6666274,0.67651224,0.70649415,0.78524625,0.69679785
PR,0.8447511,0.8518415,0.88935447,0.84793794,0.8365087,0.8494404,0.83508414,0.8751536,0.8874676,0.8929297,1.0000002,0.8521621,0.8912323,0.8799604,0.88076437,0.7585379,0.85724074,0.8471147,0.8590173,0.8470362,0.9227929,0.8552821,0.81608474,0.8659966,0.82060236,0.8321949,0.86373436,0.7862674,0.76572645,0.77162516,0.7933777,0.80904615,0.8025426,0.78800833,0.78475505,0.850199,0.7979685,0.78818077,0.7362786,0.78120315,0.8530165,0.7904966,0.8297746,0.7750339,0.7976509,0.7970942,0.759802,0.749617,0.784049,0.82150847,0.7768742,0.7751721,0.77498764,0.7505591,0.7602408,0.8100724,0.82408804,0.76376355,0.75818336,0.76934284,0.75750935,0.78883237,0.74449813,0.83218837,0.77935004,0.758254,0.7737646,0.76838017,0.7441323,0.7368596,0.7707484,0.79028326,0.7658756,0.7449778,0.78893536,0.80851924,0.7876301,0.76354134,0.7877941,0.78889406,0.74856913,0.76225364,0.71461326,0.72260416,0.8100389,0.76997846,0.775005,0.7869383,0.76450473,0.7650005,0.8130903,0.80199516,0.7377023,0.7480021,0.7200727,0.7683639,0.7449982,0.7486938,0.73301256,0.74449897,0.7447884,0.7680038,0.72323793,0.73578906,0.7434672,0.7555978,0.78746086,0.7321218,0.8060106,0.7379247,0.78816736,0.78711855,0.7298203,0.7583075,0.78661513,0.7903167,0.7553333,0.7562183,0.7472557,0.736565,0.7721231,0.72369117,0.75110227,0.74806964,0.7014758,0.7241145,0.75114846,0.71754146,0.71393126,0.75740105,0.7607766,0.72422814,0.685776,0.7187754,0.6958783,0.7486511,0.71653396,0.7298578,0.76657,0.75519073,0.6730308,0.670697,0.70607316,0.7995297,0.7019407
PS,0.8230954,0.83771205,0.8338165,0.8686808,0.8346952,0.82769406,0.81828296,0.8577701,0.88172925,0.8432607,0.8521621,1.0,0.8618916,0.8631692,0.84115624,0.76134473,0.88251567,0.8463695,0.84329087,0.8485658,0.9090139,0.8394364,0.8276035,0.84216833,0.81632495,0.8300154,0.84857917,0.72716355,0.7203168,0.7358234,0.7292688,0.7957389,0.83796656,0.77638435,0.80381006,0.7761165,0.7881185,0.78636765,0.7356716,0.73556256,0.82419133,0.7629134,0.7457038,0.7417974,0.73523664,0.7779429,0.7832741,0.748215,0.733451,0.7398436,0.7566499,0.70589906,0.7302307,0.70296735,0.7796788,0.74974227,0.7598844,0.7442781,0.7422423,0.7721749,0.73190385,0.7467398,0.80161095,0.7332398,0.75402355,0.71663356,0.7323577,0.7642513,0.74144226,0.71024513,0.76188976,0.75430286,0.73326087,0.7382703,0.7598455,0.7436701,0.7456326,0.728446,0.7715832,0.7241042,0.7016177,0.7102225,0.75617415,0.75450647,0.7345988,0.7284194,0.73920834,0.74536926,0.7354768,0.7208127,0.74906147,0.79496944,0.72819704,0.7847405,0.74745804,0.76421463,0.7874063,0.7248045,0.72224844,0.7581211,0.74237835,0.76632136,0.725584,0.74756,0.73189235,0.7724638,0.7436645,0.7500348,0.72063255,0.7921478,0.7350298,0.7164556,0.73153365,0.7137648,0.73054945,0.7753706,0.7442808,0.7385732,0.75979656,0.7130584,0.7293573,0.7200643,0.7182457,0.7735913,0.6851947,0.7583622,0.75676984,0.7539929,0.72547185,0.7554219,0.75038946,0.77605575,0.70207196,0.73413384,0.70215935,0.7334518,0.7424225,0.70881647,0.71813023,0.7170608,0.69637346,0.68961334,0.7090098,0.7536328,0.7146771
PI,0.83503354,0.8504051,0.86370355,0.86607015,0.8387567,0.8613651,0.8561901,0.8751081,0.9067606,0.84680796,0.8912323,0.8618916,1.0000002,0.90117514,0.8933554,0.77422607,0.85633874,0.86619747,0.87332046,0.84832025,0.9208303,0.8550212,0.82382923,0.858916,0.8237396,0.8451936,0.86974347,0.75185484,0.75677973,0.76104856,0.77770865,0.7823277,0.79813373,0.78756297,0.76170063,0.79149586,0.7993233,0.7739267,0.74974096,0.7629623,0.82113755,0.79610085,0.7647766,0.74874014,0.7606566,0.78795177,0.77218854,0.73510385,0.7752755,0.7566072,0.77976906,0.7610154,0.7383552,0.728533,0.7501873,0.7589559,0.76495206,0.7419554,0.7424776,0.76199067,0.74619436,0.73935604,0.77062404,0.7392689,0.7519515,0.7286535,0.7349558,0.7758647,0.72567827,0.73012555,0.7694299,0.78150415,0.763425,0.76583517,0.76463616,0.76206994,0.76545584,0.777743,0.7939394,0.71338075,0.72112286,0.7217877,0.73230517,0.7344048,0.7799757,0.758242,0.7540466,0.7870259,0.716608,0.7228661,0.7563553,0.8177629,0.7396609,0.76962703,0.7422599,0.734906,0.7388317,0.72197115,0.72823393,0.72311795,0.7105976,0.74153787,0.7044283,0.7385148,0.72906387,0.7351413,0.7535275,0.732877,0.7422062,0.74142015,0.7961258,0.72039133,0.7230145,0.7006847,0.7343918,0.7879301,0.7382649,0.7348132,0.7566762,0.7426233,0.7323623,0.7428371,0.7491572,0.7324709,0.7055137,0.72991526,0.780901,0.72322255,0.69743884,0.7506416,0.7503111,0.72927755,0.70398873,0.7328818,0.7340373,0.7497054,0.71058285,0.7351135,0.71851766,0.7288095,0.6960269,0.67549133,0.7104818,0.77396876,0.7191096
PC,0.8561225,0.85642004,0.8751762,0.87633264,0.8746357,0.8573894,0.86689794,0.89247715,0.90048194,0.85020447,0.8799604,0.8631692,0.90117514,1.0000001,0.8949135,0.8151253,0.84951115,0.87173533,0.89014643,0.87303317,0.916101,0.8650601,0.8380319,0.86711615,0.8620749,0.8630808,0.8911357,0.76802766,0.76039493,0.80117655,0.7848216,0.7851564,0.79513717,0.8029448,0.7771021,0.80314136,0.79548967,0.8167759,0.75051516,0.7754786,0.84020644,0.8008274,0.7711919,0.74892694,0.76397526,0.77598214,0.75828177,0.7303222,0.7741733,0.7666224,0.7905937,0.750489,0.746423,0.76726025,0.7481676,0.7606321,0.7695459,0.7398715,0.7585485,0.7645691,0.7680868,0.75323963,0.76140785,0.7304646,0.74481356,0.70843244,0.72863674,0.74273795,0.71131283,0.7184796,0.74297005,0.75396013,0.75892156,0.7446991,0.76854354,0.7744476,0.74931717,0.7640358,0.77887374,0.73007655,0.69798696,0.7180399,0.72800946,0.7286969,0.7545061,0.73486197,0.7229643,0.7455292,0.72299826,0.74241036,0.75337946,0.78839326,0.7468551,0.75352985,0.7391732,0.73781395,0.74300855,0.74017453,0.7329879,0.73217833,0.7289754,0.75016963,0.71597296,0.73552203,0.75390285,0.74090695,0.75254345,0.7607863,0.7499852,0.7410218,0.75609446,0.7448391,0.71992564,0.7361885,0.739048,0.78714526,0.72016346,0.7363633,0.73056567,0.73055094,0.71465856,0.72244185,0.74534,0.7237412,0.69530445,0.7391523,0.73366445,0.7391006,0.7230694,0.76530045,0.7607677,0.7376545,0.7052916,0.7214107,0.70553005,0.7440655,0.71023524,0.71435195,0.7120755,0.7204038,0.69897693,0.68714964,0.7147876,0.7575519,0.7139354
PL,0.8337182,0.84738094,0.8748905,0.86607647,0.8485863,0.86291885,0.8619987,0.88305163,0.88643044,0.83228123,0.88076437,0.84115624,0.8933554,0.8949135,1.0000001,0.80754787,0.8604677,0.89391726,0.8735464,0.8513759,0.92850024,0.8607774,0.8465667,0.8689398,0.84242797,0.8718102,0.89614516,0.72628003,0.76803344,0.7569209,0.78682905,0.75971043,0.7815956,0.7982609,0.75014496,0.7899106,0.80409545,0.7843277,0.7389081,0.74540573,0.8434703,0.77809435,0.7407627,0.7353511,0.73622775,0.7796576,0.750832,0.73838395,0.7396605,0.7276952,0.7587836,0.7354026,0.7260798,0.72641015,0.70686054,0.7302735,0.75589645,0.72109425,0.7100253,0.7378612,0.7383274,0.687001,0.7330495,0.7350079,0.7425615,0.69556624,0.7304597,0.74636376,0.7211951,0.70208466,0.7621188,0.7776237,0.7768624,0.76281595,0.76965547,0.7492625,0.7504033,0.7558501,0.7956921,0.71107197,0.69058096,0.7220593,0.72847724,0.72788936,0.7337933,0.70643216,0.70667195,0.7422174,0.7259383,0.71034825,0.73479354,0.77346313,0.735941,0.75883853,0.7369125,0.7407308,0.7316034,0.7190829,0.7082932,0.7243825,0.7303549,0.7445799,0.7145242,0.72362286,0.73161227,0.7141295,0.7406635,0.7451809,0.7391584,0.7450615,0.7561031,0.71657807,0.7159873,0.69265294,0.73578155,0.76694024,0.72831964,0.72025937,0.732356,0.72807676,0.6868806,0.73014265,0.7378434,0.7311161,0.68172216,0.74763733,0.72248304,0.7169106,0.7074088,0.7480784,0.7386214,0.7237472,0.69040525,0.6958708,0.71233183,0.7432078,0.69803023,0.6919004,0.6745822,0.6907078,0.6859017,0.6724199,0.6863416,0.758899,0.7169964
PM,0.74732023,0.7487911,0.7671598,0.7682795,0.8024245,0.77060956,0.7708634,0.77654785,0.7921365,0.74093807,0.7585379,0.76134473,0.77422607,0.8151253,0.80754787,1.0000001,0.7983162,0.8037151,0.8058547,0.80758405,0.80131006,0.7409803,0.7787056,0.7503245,0.78960425,0.77525103,0.77135825,0.6832857,0.7257933,0.7575617,0.7489818,0.72089696,0.7707112,0.76887,0.7311479,0.7310848,0.75751114,0.7955599,0.7370884,0.7329127,0.7966131,0.70969385,0.700456,0.6861129,0.68970907,0.7205714,0.7157215,0.71765196,0.7170019,0.7043604,0.7279633,0.731621,0.6958614,0.74279964,0.71167046,0.70648617,0.7207284,0.6853499,0.6992868,0.73157775,0.76586103,0.6984315,0.7259642,0.69495344,0.70102394,0.6755285,0.6961198,0.7138345,0.6756601,0.7203594,0.7099558,0.72893333,0.747242,0.71749055,0.7158342,0.726001,0.7289073,0.73306334,0.7505519,0.6914002,0.6838695,0.7160679,0.7059952,0.74596065,0.6996529,0.69672054,0.6816622,0.6989902,0.6878195,0.707064,0.6989344,0.75166714,0.73110306,0.7732994,0.73932946,0.7009796,0.71635044,0.6940476,0.713148,0.72809625,0.7262421,0.7244498,0.6997949,0.70749474,0.7383313,0.70814556,0.7196597,0.77474594,0.7176986,0.74521184,0.7384652,0.70722324,0.71862125,0.6678092,0.712919,0.72011536,0.7318293,0.69922304,0.7404365,0.74389267,0.67586505,0.73413765,0.71758306,0.7029071,0.67224354,0.7010641,0.66960394,0.71874475,0.7460302,0.77461,0.7571026,0.7784843,0.7165112,0.7134871,0.71141374,0.7393985,0.7293588,0.7072102,0.70015115,0.70299584,0.7096964,0.67363036,0.6944286,0.7191938,0.7283932
PZ,0.8132887,0.82583445,0.8328047,0.8572693,0.82064664,0.8331308,0.8479098,0.8391944,0.8683224,0.83056647,0.85724074,0.88251567,0.85633874,0.84951115,0.8604677,0.7983162,0.9999999,0.84163386,0.84146523,0.8387831,0.88743246,0.8173037,0.8015219,0.8208355,0.79476327,0.8279798,0.83866715,0.7379784,0.7417088,0.7483002,0.76124585,0.75820804,0.83505034,0.78507215,0.77209175,0.78663826,0.79269606,0.78884065,0.7342791,0.7294671,0.8231723,0.75972134,0.760648,0.7379191,0.7389139,0.78378826,0.78963864,0.85722506,0.7448245,0.75510037,0.77665544,0.73879325,0.80495656,0.7257098,0.78317505,0.7527107,0.75872135,0.7367704,0.7478173,0.8002045,0.7435688,0.7250543,0.7738863,0.7581706,0.7590962,0.7220689,0.7655782,0.78168684,0.7561984,0.73716056,0.79307413,0.77236116,0.7592954,0.768745,0.8195638,0.75647444,0.75617015,0.76370335,0.7783801,0.7223588,0.7138356,0.7335917,0.7598471,0.7754792,0.7487295,0.7377511,0.7427902,0.76562476,0.7911638,0.73578155,0.7602963,0.7882117,0.73384345,0.79052174,0.7577161,0.8221427,0.7505863,0.7146345,0.72524697,0.7295063,0.7171027,0.7376052,0.71169275,0.7450198,0.74350375,0.7691995,0.7494246,0.7590419,0.74559844,0.7844069,0.7556975,0.73646766,0.7493231,0.7062261,0.73744327,0.76958156,0.7414359,0.75797117,0.76985383,0.7392375,0.72244656,0.71486545,0.74857223,0.77144116,0.68836164,0.73886406,0.76312286,0.75126773,0.73225224,0.7337647,0.7347748,0.76262116,0.6809638,0.7157555,0.70972645,0.7305581,0.7360661,0.7051424,0.7218748,0.7120841,0.7068646,0.68176514,0.7116851,0.7615321,0.7323736
PX,0.8303773,0.88536525,0.8729168,0.85938066,0.85644865,0.8569342,0.84893936,0.87747836,0.8649104,0.86858,0.8471147,0.8463695,0.86619747,0.87173533,0.89391726,0.8037151,0.84163386,0.99999964,0.8377379,0.86702085,0.89198065,0.8379962,0.84728706,0.87166584,0.8423151,0.87302595,0.91767097,0.7534256,0.7887576,0.7575082,0.78015894,0.7680217,0.794044,0.8216363,0.74970603,0.7990668,0.8240478,0.80916625,0.7408768,0.73133713,0.80642885,0.7710497,0.7455213,0.7291593,0.7399706,0.7681583,0.7974664,0.7309014,0.7530836,0.7391294,0.749585,0.7389035,0.7216879,0.7322302,0.7566092,0.7620145,0.7436349,0.7440399,0.73702407,0.74094284,0.7692288,0.7378726,0.7644366,0.73045015,0.79508454,0.704569,0.7127707,0.7591733,0.74923164,0.7314548,0.7486095,0.7715253,0.7847619,0.74536324,0.74330914,0.7928307,0.7502954,0.7632176,0.78297687,0.7147454,0.710293,0.70702183,0.72333235,0.74342036,0.7309164,0.7226269,0.7262937,0.7543801,0.7360908,0.73248404,0.7433511,0.783411,0.7350749,0.75201494,0.74403864,0.7230225,0.7761957,0.7120649,0.703413,0.7164233,0.7273257,0.7342607,0.71902066,0.71782285,0.71695334,0.7136926,0.7403984,0.7592603,0.75910604,0.7559992,0.75955284,0.72976834,0.7108732,0.71591616,0.7265363,0.76769125,0.73424673,0.73467183,0.73199296,0.7479713,0.72502863,0.76308656,0.73180515,0.7197021,0.72905576,0.71551096,0.7243949,0.7229271,0.71786034,0.7587534,0.74664676,0.74337214,0.7245982,0.7082115,0.7039731,0.7468918,0.7194002,0.70610595,0.70779216,0.7268375,0.7128372,0.6950263,0.6997503,0.7672609,0.7225659
PF,0.8394634,0.8284908,0.8334446,0.84817976,0.86434454,0.8430942,0.83720523,0.86008203,0.86177427,0.83628166,0.8590173,0.84329087,0.87332046,0.89014643,0.8735464,0.8058547,0.84146523,0.8377379,1.0000001,0.8771022,0.88836676,0.8679302,0.85232484,0.8589052,0.8689485,0.8572532,0.8679806,0.7470338,0.74909383,0.7919402,0.78211683,0.79728866,0.8013785,0.80403364,0.7763758,0.7912369,0.7960798,0.8311955,0.7665199,0.77901983,0.8325368,0.7904544,0.7636419,0.7814076,0.7658738,0.7850943,0.7645221,0.7441534,0.7703338,0.7669167,0.7881384,0.77037114,0.7508357,0.76149124,0.7654624,0.7481767,0.7803251,0.7445163,0.74830395,0.75381964,0.7651583,0.7384823,0.7540925,0.7331037,0.7351555,0.7022021,0.72268635,0.7326548,0.71368134,0.7193276,0.7396896,0.7326175,0.7614974,0.71103835,0.77077335,0.76310205,0.76282275,0.75648737,0.79245055,0.7354605,0.71071404,0.7398388,0.7309205,0.7431067,0.7336224,0.71560925,0.7179212,0.72976846,0.72145224,0.7330673,0.72848713,0.7688112,0.72920746,0.7458169,0.7152589,0.73862493,0.7463288,0.71514213,0.73351485,0.7420633,0.72216177,0.7515342,0.72210264,0.7351162,0.75416183,0.75905794,0.7781903,0.78174317,0.7470916,0.74992,0.7554355,0.73967075,0.7336534,0.71387535,0.74032634,0.77013004,0.73175395,0.74538165,0.73550284,0.7234334,0.70340353,0.7105663,0.7300174,0.7251189,0.6900205,0.72440815,0.74031144,0.7410217,0.7395304,0.7638012,0.7377032,0.73916006,0.69193983,0.74015164,0.68961054,0.7323547,0.7005769,0.72182083,0.71998626,0.713987,0.69091535,0.665292,0.71514577,0.75910777,0.71853864
PA,0.8213266,0.8610428,0.83473504,0.83905464,0.8720272,0.8190439,0.82662886,0.8513353,0.8793008,0.8662646,0.8470362,0.8485658,0.84832025,0.87303317,0.8513759,0.80758405,0.8387831,0.86702085,0.8771022,0.9999999,0.8795914,0.83718026,0.8252327,0.84108377,0.884753,0.85082185,0.8889022,0.7831085,0.7578558,0.82218236,0.7824904,0.8067279,0.8052541,0.79620314,0.78231645,0.79596514,0.7973919,0.83461607,0.7565403,0.76316714,0.8338459,0.79009473,0.77883804,0.7680792,0.76679355,0.7897717,0.8088158,0.744058,0.7786086,0.77736413,0.778983,0.74476045,0.7385869,0.750427,0.7767222,0.7656999,0.7713945,0.74922776,0.74873286,0.77001023,0.7720163,0.74895,0.769336,0.7509449,0.80307424,0.7330218,0.7422322,0.74468917,0.7614744,0.7343817,0.7666471,0.7772756,0.75712883,0.74700934,0.75025403,0.8124697,0.7630185,0.76032007,0.7834505,0.75199485,0.73019373,0.7443998,0.74934417,0.76620173,0.73992264,0.7352251,0.7330376,0.7419607,0.7348125,0.7442411,0.7484689,0.78087795,0.7465861,0.7420696,0.7625425,0.73797727,0.7875918,0.74186885,0.73837835,0.7454511,0.74784935,0.7531913,0.7245954,0.73325884,0.79247415,0.7825968,0.8012011,0.82206833,0.75361055,0.75002265,0.7567707,0.75091076,0.7163772,0.7244939,0.75510716,0.787928,0.72688234,0.7329414,0.7805125,0.73467773,0.7161561,0.7227962,0.7307308,0.72610116,0.7052963,0.7278828,0.7313613,0.74289834,0.7530952,0.8036116,0.77938974,0.7796502,0.70833904,0.7191571,0.7129881,0.7535639,0.7415456,0.6961311,0.7209913,0.6911725,0.67969525,0.6888171,0.6955623,0.7799633,0.7303959
PN,0.8806237,0.8813278,0.8946505,0.9110967,0.8760109,0.8826641,0.8856656,0.93797773,0.922807,0.88281167,0.9227929,0.9090139,0.9208303,0.916101,0.92850024,0.80131006,0.88743246,0.89198065,0.88836676,0.8795914,0.9999997,0.8949844,0.8482134,0.8902576,0.85238284,0.87790453,0.9001558,0.7675856,0.76000994,0.7750858,0.7940806,0.8160951,0.8354717,0.80826735,0.8096507,0.8313998,0.82537496,0.8101043,0.76219714,0.78166765,0.9064954,0.79929894,0.78699464,0.7826442,0.7704276,0.82168585,0.7909692,0.769477,0.79000425,0.796466,0.8157134,0.7747882,0.76962656,0.76822793,0.7815802,0.7856136,0.80437917,0.7592323,0.7627381,0.78485435,0.77753055,0.7540982,0.7857289,0.7741578,0.7862636,0.7451164,0.76371884,0.78783923,0.7556252,0.7290994,0.7862201,0.793808,0.7775236,0.7649668,0.7915274,0.78318906,0.7754458,0.7724608,0.8224219,0.75523305,0.725213,0.74816585,0.7458627,0.74548435,0.76526135,0.7482545,0.7425014,0.7685533,0.75588894,0.7564379,0.78253055,0.8163243,0.75914717,0.7874822,0.75971496,0.7645602,0.7735635,0.7523943,0.7439957,0.7678848,0.75344765,0.79590356,0.74829715,0.7436687,0.7521759,0.7607876,0.7663256,0.74946386,0.77428675,0.7781185,0.77800524,0.7523274,0.74720526,0.71505445,0.7608614,0.7986328,0.7576071,0.75754124,0.7669865,0.74275804,0.73753136,0.74005073,0.740144,0.75674045,0.709775,0.75179523,0.7616981,0.7250753,0.72062874,0.7746885,0.7667491,0.7569069,0.7008494,0.73187983,0.74531627,0.75029945,0.74138016,0.7309756,0.7365287,0.73303604,0.7017011,0.6829027,0.7272374,0.80470574,0.7594828
BF,0.8841602,0.8822439,0.8973938,0.90604234,0.8683623,0.8694884,0.8684307,0.9181455,0.8586363,0.8402673,0.8552821,0.8394364,0.8550212,0.8650601,0.8607774,0.7409803,0.8173037,0.8379962,0.8679302,0.83718026,0.8949844,1.0,0.8826132,0.8971548,0.8767444,0.89381856,0.9034214,0.72979534,0.7440062,0.77889174,0.7470479,0.8354896,0.8139864,0.805741,0.7961559,0.8166069,0.8222135,0.82082105,0.7792709,0.80041754,0.8566077,0.8149326,0.7730305,0.864609,0.76246077,0.8022122,0.79284143,0.7623114,0.8054274,0.80871224,0.8011761,0.80219734,0.77593017,0.7825378,0.77689946,0.775595,0.7970617,0.76178133,0.7447959,0.76829886,0.79447025,0.75381124,0.76825094,0.76097274,0.78360164,0.7482066,0.743097,0.7551399,0.7349821,0.70246243,0.76591873,0.7500307,0.76635087,0.76315916,0.8130909,0.790317,0.7668233,0.77941716,0.8257183,0.7580199,0.712657,0.7692121,0.7448872,0.76876605,0.7313224,0.7258855,0.72850096,0.7392175,0.75639063,0.76346934,0.7610639,0.78891784,0.73329365,0.74392533,0.72618496,0.74673253,0.76546305,0.7234695,0.7288855,0.7655153,0.7432745,0.7785142,0.71829855,0.7418716,0.77374035,0.7715728,0.7830018,0.7765918,0.78023183,0.78208786,0.761846,0.7705228,0.7535274,0.7373198,0.7493037,0.7663058,0.7516707,0.7523485,0.7447638,0.72185016,0.7306359,0.71144724,0.73070025,0.75578785,0.7168325,0.7316643,0.7588537,0.7380259,0.75274575,0.78023577,0.77526546,0.7500181,0.7094897,0.7370375,0.7134161,0.7234095,0.7338301,0.73618186,0.7400098,0.7518326,0.7034681,0.70386666,0.6947085,0.8178551,0.7377779
FB,0.8268263,0.84802324,0.854052,0.8362666,0.84582627,0.83406913,0.8228239,0.8528415,0.84828496,0.810931,0.81608474,0.8276035,0.82382923,0.8380319,0.8465667,0.7787056,0.8015219,0.84728706,0.85232484,0.8252327,0.8482134,0.8826132,1.0,0.88459045,0.860003,0.8965603,0.8964548,0.7027425,0.75257796,0.7693533,0.7322614,0.7860749,0.7819791,0.7977644,0.7618408,0.7854487,0.80445814,0.80861664,0.7794562,0.7823467,0.7959647,0.7683549,0.7181103,0.74241877,0.72099805,0.75373685,0.74600476,0.7031628,0.75191104,0.7544779,0.73473173,0.75801486,0.72500086,0.74077183,0.725052,0.75780225,0.7580934,0.74293584,0.74708086,0.7340745,0.7796858,0.7276898,0.76080394,0.7329936,0.7668994,0.7035038,0.70701283,0.7343304,0.7087569,0.7025964,0.7228713,0.7395018,0.7531303,0.7308929,0.75711894,0.7551632,0.7398011,0.7438611,0.7885071,0.71284956,0.68564934,0.7274498,0.70089775,0.72764134,0.7142118,0.7053312,0.6965831,0.71037513,0.7151065,0.72192097,0.7416203,0.7770239,0.71638775,0.75279593,0.726985,0.72202265,0.7523034,0.7138196,0.7224446,0.754684,0.7402626,0.7677381,0.7088093,0.73635006,0.72857624,0.7031122,0.75315946,0.7537786,0.7560241,0.7586925,0.7335844,0.73855245,0.7199729,0.71476007,0.7404756,0.74671006,0.72480565,0.729313,0.72068477,0.71225816,0.70556605,0.72211045,0.7038237,0.71707714,0.68482375,0.7212486,0.71806127,0.7037217,0.7396936,0.75733554,0.74914527,0.7277169,0.6956415,0.73058224,0.68350405,0.7210812,0.71818084,0.7116092,0.70302165,0.7084302,0.69926065,0.683499,0.7038231,0.75260234,0.71580666
FG,0.8561509,0.8942145,0.8948468,0.90081024,0.86558235,0.8809452,0.85983455,0.9080536,0.8583518,0.86037755,0.8659966,0.84216833,0.858916,0.86711615,0.8689398,0.7503245,0.8208355,0.87166584,0.8589052,0.84108377,0.8902576,0.8971548,0.88459045,1.0,0.8793858,0.9203873,0.9237585,0.74533343,0.7704114,0.7768715,0.7742271,0.8147923,0.81812084,0.8091567,0.7928383,0.8345114,0.8302189,0.8145515,0.7793804,0.7864438,0.82161975,0.80478597,0.8144963,0.7675834,0.7724446,0.78754765,0.7989904,0.7326205,0.77421576,0.7875325,0.7708429,0.7629254,0.75976264,0.7507051,0.74894744,0.80278546,0.80212516,0.78139913,0.77502173,0.77877253,0.7812728,0.7750149,0.785709,0.7683435,0.79682535,0.7380782,0.72884744,0.76478857,0.746836,0.7149926,0.7538969,0.7605252,0.7500496,0.7390623,0.77722734,0.78998697,0.77688575,0.76042056,0.80968374,0.76246977,0.72014874,0.74616444,0.7195948,0.7643779,0.7561615,0.74614596,0.7365827,0.7625247,0.7409673,0.737606,0.7713321,0.785546,0.73118496,0.7610225,0.7545823,0.7351512,0.7757846,0.7279798,0.73047626,0.75089073,0.7429605,0.7683715,0.72109234,0.7342948,0.7521709,0.74394596,0.78203595,0.75300354,0.83338624,0.7689447,0.7444692,0.7780303,0.74129254,0.73837274,0.7500122,0.78860486,0.75441676,0.7566005,0.7371658,0.73696464,0.7374282,0.7483285,0.7350029,0.72814375,0.705619,0.7049998,0.72920007,0.72118956,0.72857106,0.7546195,0.74894935,0.7333701,0.7095139,0.72778714,0.6950108,0.74742675,0.73273855,0.7159238,0.73183477,0.7372408,0.71076417,0.69955844,0.70658654,0.7907301,0.7319809
FL,0.85771763,0.857575,0.8600404,0.86761665,0.89926374,0.83901024,0.8246213,0.88151026,0.83544403,0.82042474,0.82060236,0.81632495,0.8237396,0.8620749,0.84242797,0.78960425,0.79476327,0.8423151,0.8689485,0.884753,0.85238284,0.8767444,0.860003,0.8793858,1.0000002,0.8830048,0.8978209,0.71574754,0.74954903,0.79990035,0.7540976,0.8371153,0.8269414,0.816386,0.81925046,0.79393363,0.80668443,0.8502493,0.7679701,0.7742406,0.8137009,0.77625257,0.7446009,0.76744753,0.7461145,0.76893926,0.7729336,0.7267133,0.7766421,0.7690372,0.7519563,0.7546325,0.73136866,0.74964494,0.7266604,0.7660118,0.7635491,0.76926297,0.7375861,0.7529918,0.78328365,0.7621296,0.7602056,0.74341464,0.78246254,0.7366919,0.7356813,0.7367685,0.7216113,0.7064239,0.76200795,0.73929024,0.75366235,0.7375557,0.7601163,0.767688,0.7546146,0.73904335,0.7765094,0.7447757,0.7129425,0.74805754,0.7333444,0.74724215,0.7262409,0.73074555,0.73242354,0.72622,0.7310444,0.72346246,0.75911224,0.78054696,0.71194065,0.72128147,0.7142285,0.729665,0.76220876,0.7152246,0.7393954,0.74871266,0.75758773,0.7599076,0.73503447,0.7180056,0.7682272,0.74340856,0.76813275,0.7997243,0.76729816,0.7512057,0.73597497,0.7477934,0.7237706,0.7308945,0.7512951,0.7520812,0.76291394,0.72891796,0.7509393,0.74083865,0.720548,0.70247877,0.71182543,0.7178008,0.68516284,0.70017433,0.7320598,0.7220717,0.73926973,0.80125177,0.78431994,0.7658074,0.711244,0.714601,0.6983623,0.7240062,0.7153083,0.713435,0.7196845,0.72644746,0.68326443,0.67774606,0.67107993,0.79402006,0.7383428
FM,0.8673504,0.88662577,0.89400905,0.8905301,0.8645094,0.87652415,0.8616583,0.9026617,0.8517338,0.838761,0.8321949,0.8300154,0.8451936,0.8630808,0.8718102,0.77525103,0.8279798,0.87302595,0.8572532,0.85082185,0.87790453,0.89381856,0.8965603,0.9203873,0.8830048,1.0000002,0.92894197,0.73679245,0.7818642,0.79755145,0.767672,0.79546165,0.7991195,0.81588924,0.7701162,0.81826425,0.8409946,0.8265132,0.804451,0.79170406,0.82144785,0.79951584,0.75917655,0.7655971,0.76436377,0.79254544,0.8107683,0.75409526,0.7723519,0.76926374,0.77515,0.756695,0.74768394,0.76774645,0.7517748,0.77286494,0.76862204,0.7815325,0.7520318,0.7635942,0.7933075,0.7534952,0.786398,0.7240708,0.79284585,0.7023708,0.70521736,0.74547565,0.7196617,0.7007688,0.7382884,0.74708366,0.73761606,0.7339288,0.77251774,0.78325796,0.76855594,0.74762845,0.79998535,0.73548007,0.68147916,0.7378726,0.72765684,0.7513405,0.7205917,0.7228193,0.71748483,0.735659,0.73791564,0.72812694,0.75128007,0.78425395,0.7266246,0.7514984,0.74305475,0.735314,0.7868291,0.7391065,0.7292218,0.74148965,0.7520108,0.7656587,0.73664266,0.73156714,0.75987273,0.7323484,0.76974046,0.75242317,0.7740722,0.7591852,0.73121476,0.7691541,0.72585714,0.7169,0.75122064,0.782562,0.75040436,0.7577472,0.72997534,0.74559164,0.7266594,0.7463235,0.7319532,0.71813035,0.71177876,0.7222409,0.7358903,0.72439986,0.7411591,0.76468575,0.74822193,0.7468897,0.72163975,0.73383397,0.7237845,0.74567413,0.73274714,0.7182563,0.7283377,0.72773755,0.7184069,0.7062646,0.72178996,0.7932336,0.72575146
FS,0.8650009,0.91988075,0.9053415,0.90003955,0.88425076,0.8723668,0.87276185,0.9145708,0.87328565,0.8816531,0.86373436,0.84857917,0.86974347,0.8911357,0.89614516,0.77135825,0.83866715,0.91767097,0.8679806,0.8889022,0.9001558,0.9034214,0.8964548,0.9237585,0.8978209,0.92894197,1.0,0.7672398,0.77557385,0.79058504,0.7839198,0.8033808,0.82136244,0.8249646,0.7749811,0.82290787,0.82421863,0.82934654,0.7650176,0.77801144,0.8283,0.8116689,0.7715688,0.75431377,0.7618932,0.79468334,0.825414,0.7484337,0.7811188,0.78054845,0.7768688,0.76476234,0.74449605,0.7512903,0.7747538,0.7880753,0.77996546,0.7736845,0.75473917,0.771232,0.79516023,0.7651819,0.78310615,0.7504698,0.8315466,0.73132795,0.7360726,0.75100857,0.77124554,0.7292818,0.7600678,0.78406215,0.777006,0.75120366,0.77466166,0.81770754,0.77068007,0.767091,0.80824894,0.7403325,0.714787,0.7380688,0.72928274,0.7601037,0.74402994,0.73135734,0.72479516,0.7566511,0.74832606,0.7445097,0.7736219,0.8024546,0.740432,0.7601651,0.76073444,0.73871684,0.80128133,0.7352693,0.727219,0.75029147,0.75304145,0.7630639,0.74112725,0.7341863,0.74910116,0.7293172,0.760252,0.76201713,0.7865468,0.77161974,0.7605639,0.76132965,0.72705066,0.7244552,0.74742657,0.7784549,0.74792373,0.7537843,0.7362271,0.7409514,0.7208267,0.7391517,0.7329277,0.7231923,0.7059511,0.7184599,0.7371945,0.74048674,0.72896844,0.77124065,0.7611829,0.74823314,0.7147511,0.7183257,0.7045866,0.7363774,0.71903694,0.7135218,0.72476286,0.72643596,0.70019937,0.7072401,0.6945969,0.7923773,0.7207067
CE,0.73859054,0.7754382,0.74033856,0.7265594,0.7345513,0.7531336,0.7159809,0.73696786,0.7577342,0.8148468,0.7862674,0.72716355,0.75185484,0.76802766,0.72628003,0.6832857,0.7379784,0.7534256,0.7470338,0.7831085,0.7675856,0.72979534,0.7027425,0.74533343,0.71574754,0.73679245,0.7672398,1.0,0.85474396,0.77091944,0.77906597,0.76264,0.74131274,0.7911483,0.73079586,0.81497675,0.7644942,0.7472208,0.7229961,0.7516713,0.7955657,0.738785,0.7514716,0.72184795,0.76575905,0.73543435,0.740638,0.68548465,0.7336218,0.7575504,0.73070973,0.7258577,0.73626035,0.7869898,0.7272354,0.7627174,0.7373483,0.7421628,0.7131921,0.7218303,0.73069274,0.7405175,0.6984563,0.7615831,0.7722386,0.7547291,0.74927986,0.7368077,0.7724198,0.7555919,0.75046426,0.76355946,0.7398983,0.7025679,0.71586204,0.7654435,0.72900385,0.72380126,0.70790905,0.76035446,0.774735,0.7150937,0.6909012,0.7124615,0.7804748,0.77187943,0.7377747,0.73712766,0.7158106,0.7544031,0.740275,0.71545637,0.7205522,0.69981563,0.7147163,0.7144711,0.74441785,0.71605587,0.6963825,0.70210683,0.714586,0.7277428,0.7196846,0.6871855,0.71992266,0.72621334,0.72748256,0.7103975,0.7357352,0.7074757,0.7374538,0.78784573,0.7259263,0.7411239,0.74802995,0.7990966,0.7255991,0.7963098,0.6872175,0.7363276,0.70419455,0.71542466,0.73559725,0.7386919,0.71566355,0.721861,0.7022676,0.71285486,0.71542794,0.72195476,0.7143093,0.6998817,0.6735532,0.7124555,0.6878583,0.71897316,0.6697168,0.6878605,0.7215606,0.74040264,0.65315825,0.6852757,0.78679574,0.72586423,0.6901729
CW,0.7545725,0.76195294,0.7861819,0.7423029,0.74007577,0.7820884,0.7402643,0.74675226,0.7593913,0.7395824,0.76572645,0.7203168,0.75677973,0.76039493,0.76803344,0.7257933,0.7417088,0.7887576,0.74909383,0.7578558,0.76000994,0.7440062,0.75257796,0.7704114,0.74954903,0.7818642,0.77557385,0.85474396,1.0000002,0.768062,0.80123615,0.7443612,0.7319074,0.7897617,0.703594,0.77920765,0.8056669,0.7678591,0.7581113,0.7441341,0.7723355,0.73992485,0.7241466,0.71957433,0.7554103,0.7183326,0.7286235,0.7057961,0.7469966,0.7149576,0.7305572,0.73277646,0.7345426,0.7649717,0.7059128,0.72579396,0.7452982,0.73596054,0.7227959,0.7202601,0.7768471,0.7098869,0.7286687,0.7449905,0.7400781,0.7237459,0.7294874,0.7285783,0.70861316,0.7255354,0.7461621,0.7347485,0.73277193,0.72452074,0.70812917,0.7033832,0.7066773,0.7266119,0.7120031,0.697823,0.7233882,0.7057802,0.6644863,0.71224874,0.7525846,0.73303175,0.72620285,0.7229672,0.7259901,0.74795455,0.7157819,0.7203238,0.71620005,0.72923756,0.71462727,0.72854376,0.7455061,0.73145854,0.7287012,0.71444863,0.7208025,0.7452893,0.75049484,0.7103256,0.7310801,0.70776576,0.7500539,0.7265229,0.71145546,0.70627534,0.73200834,0.7502143,0.7287041,0.6960193,0.7343936,0.7684488,0.7472136,0.74408615,0.6960063,0.75128454,0.7270071,0.73169243,0.7492186,0.7173502,0.69821763,0.7300512,0.7273175,0.7119682,0.7268383,0.7204036,0.71608967,0.70813054,0.6782069,0.70308155,0.7237828,0.7249185,0.69104785,0.67615867,0.6974243,0.7426002,0.67915756,0.69400114,0.7303544,0.74578404,0.7139564
CY,0.7819026,0.7807156,0.79554474,0.7776879,0.79449695,0.78548217,0.77726716,0.7886845,0.77876884,0.75865483,0.77162516,0.7358234,0.76104856,0.80117655,0.7569209,0.7575617,0.7483002,0.7575082,0.7919402,0.82218236,0.7750858,0.77889174,0.7693533,0.7768715,0.79990035,0.79755145,0.79058504,0.77091944,0.768062,1.0000002,0.7474804,0.77567255,0.760049,0.7623525,0.75833434,0.7583344,0.75071585,0.79536015,0.7748103,0.7974305,0.806291,0.7512865,0.7421417,0.7405417,0.73777735,0.75503874,0.70710886,0.69512236,0.7471044,0.7774314,0.7310715,0.74628204,0.7285307,0.7405175,0.6947608,0.75529414,0.745054,0.7319837,0.7483433,0.7421234,0.7667527,0.7232325,0.72382474,0.7342204,0.72147,0.7009134,0.69395983,0.73150456,0.7124976,0.73326355,0.73292005,0.71698964,0.7127918,0.7158694,0.7282033,0.74143755,0.72028065,0.7316095,0.7361543,0.7293025,0.7114165,0.7243619,0.6973137,0.71525276,0.73589766,0.71829045,0.7010191,0.7062373,0.70938987,0.73620963,0.7404734,0.724018,0.7068779,0.7109467,0.7264832,0.71476954,0.7313999,0.7214008,0.703756,0.7500948,0.73824215,0.75521725,0.7366959,0.72249764,0.75538516,0.7109959,0.74908847,0.7476988,0.7361721,0.7212111,0.7148722,0.7328548,0.7026719,0.6912941,0.74183613,0.7452558,0.7197009,0.7020841,0.7150769,0.7270415,0.7240422,0.723717,0.69836813,0.71421707,0.6597662,0.6969413,0.69860935,0.7283745,0.7159509,0.7473489,0.75340366,0.7180512,0.68690395,0.71727717,0.70300806,0.7392161,0.7157695,0.6853118,0.70706403,0.72507435,0.6595487,0.69998294,0.70196474,0.74645114,0.71293324
CR,0.75436515,0.76848435,0.78999937,0.7598543,0.7490712,0.7724627,0.76977354,0.77100384,0.78323793,0.77195406,0.7933777,0.7292688,0.77770865,0.7848216,0.78682905,0.7489818,0.76124585,0.78015894,0.78211683,0.7824904,0.7940806,0.7470479,0.7322614,0.7742271,0.7540976,0.767672,0.7839198,0.77906597,0.80123615,0.7474804,0.99999964,0.735337,0.7522633,0.77643496,0.7180133,0.7553326,0.7269464,0.7262412,0.7247134,0.747519,0.7949279,0.7510765,0.75964963,0.7398364,0.78016496,0.77326953,0.7722868,0.72261274,0.7591371,0.7413552,0.75908077,0.73133385,0.72505146,0.7576086,0.7170166,0.7410191,0.783365,0.75654674,0.74517107,0.7614192,0.75203264,0.7417735,0.72664213,0.76508975,0.75879335,0.7467202,0.75695074,0.7510433,0.7481802,0.7874638,0.74759436,0.76318884,0.76613426,0.7498013,0.7343349,0.7648514,0.7682885,0.7860784,0.778481,0.7228565,0.7336037,0.7154288,0.67454445,0.7188052,0.76496804,0.73667204,0.7610783,0.74946827,0.74055797,0.7743342,0.7182825,0.7523559,0.8053372,0.72316426,0.74830425,0.72446436,0.74410635,0.70258874,0.7385595,0.72825885,0.7032531,0.7298577,0.73378,0.7235131,0.7695238,0.7443298,0.7904347,0.77492714,0.74128485,0.72763383,0.77056694,0.7708973,0.7392474,0.7785567,0.7714915,0.78853965,0.7467216,0.77940583,0.7717132,0.782679,0.745757,0.7247435,0.7510361,0.7032709,0.7629452,0.716846,0.7418321,0.74920446,0.74871284,0.75581145,0.7396674,0.74849474,0.7212684,0.7331859,0.7419163,0.76256895,0.7144382,0.72428536,0.7010448,0.73053694,0.7389573,0.71461993,0.74436975,0.7597638,0.72485214
LA,0.84228164,0.80468446,0.80013824,0.80405205,0.8067385,0.7987937,0.7777292,0.81848764,0.8114363,0.77942693,0.80904615,0.7957389,0.7823277,0.7851564,0.75971043,0.72089696,0.75820804,0.7680217,0.79728866,0.8067279,0.8160951,0.8354896,0.7860749,0.8147923,0.8371153,0.79546165,0.8033808,0.76264,0.7443612,0.77567255,0.735337,1.0000001,0.8610618,0.84221333,0.87861925,0.7807281,0.767683,0.77357453,0.7628175,0.77708113,0.82424253,0.76913,0.7438721,0.7815092,0.75156516,0.7459199,0.74782693,0.7128477,0.8186986,0.81351566,0.7725054,0.80752534,0.8000898,0.8003932,0.77204496,0.7844709,0.80546874,0.7822887,0.7758812,0.75281984,0.78887457,0.74953747,0.74972516,0.7863308,0.77924407,0.78122973,0.76529205,0.7643585,0.75862086,0.73738086,0.76122606,0.74178904,0.7375631,0.7436359,0.79293686,0.7592541,0.75588953,0.74097514,0.7673126,0.77641976,0.7560847,0.7780676,0.7257198,0.73807585,0.7580873,0.750332,0.75736773,0.73050284,0.76273334,0.7803508,0.7703201,0.771457,0.73031443,0.7344023,0.7262981,0.7529065,0.75904214,0.72264826,0.72913355,0.7698076,0.7624049,0.78102595,0.74878466,0.73498887,0.78576064,0.7801497,0.7984948,0.769888,0.7518947,0.71855074,0.724762,0.75885427,0.7368921,0.7555989,0.7760314,0.7652254,0.77281684,0.75777024,0.71404153,0.75310725,0.7375942,0.7174579,0.70293975,0.7469429,0.7154886,0.7001891,0.7498475,0.70759505,0.7441808,0.79578424,0.7850462,0.7492847,0.70753264,0.74360716,0.7140112,0.73707855,0.72678924,0.73931825,0.76377255,0.7654722,0.71345305,0.7062254,0.7189114,0.7675507,0.7205537
LE,0.7988272,0.82053715,0.811991,0.84751725,0.8203038,0.80532837,0.8141373,0.8350104,0.80987704,0.79670453,0.8025426,0.83796656,0.79813373,0.79513717,0.7815956,0.7707112,0.83505034,0.794044,0.8013785,0.8052541,0.8354717,0.8139864,0.7819791,0.81812084,0.8269414,0.7991195,0.82136244,0.74131274,0.7319074,0.760049,0.7522633,0.8610618,0.99999994,0.8791456,0.88515913,0.7607658,0.75920177,0.76342744,0.7650251,0.75716215,0.8389362,0.79277825,0.7783202,0.7727906,0.7629382,0.8003812,0.83463544,0.78793395,0.80320597,0.8166369,0.7853669,0.8063992,0.7943716,0.77828705,0.8329784,0.7949678,0.79301256,0.7918458,0.7764071,0.8161262,0.79395056,0.7595798,0.7963034,0.7966378,0.8138796,0.7736757,0.78041106,0.7947043,0.782504,0.7733921,0.80794114,0.7909038,0.78626174,0.7853676,0.78414893,0.7920828,0.788515,0.76628935,0.8121556,0.80022854,0.7584251,0.7844249,0.80279297,0.8148973,0.76255804,0.76520133,0.7734449,0.7729876,0.77120805,0.77409,0.77823585,0.81001353,0.7492576,0.8173027,0.7990308,0.78191274,0.8311689,0.74026245,0.7661345,0.7847903,0.7938654,0.80844855,0.78891325,0.78449047,0.7695029,0.8199376,0.7952115,0.7835789,0.7728325,0.8171188,0.7786733,0.77903116,0.78649324,0.725044,0.76263773,0.7700256,0.80775917,0.80073464,0.7660111,0.7644105,0.7461953,0.7415522,0.7310647,0.7491735,0.714463,0.74790144,0.77646625,0.78507984,0.78175235,0.79993343,0.78136045,0.81948125,0.6917456,0.7631975,0.76574993,0.7564768,0.7919737,0.74892193,0.7657131,0.75028634,0.726616,0.72620654,0.73042434,0.7980825,0.752835
LW,0.77291745,0.8016697,0.8038993,0.7887355,0.8017037,0.80322313,0.7910308,0.808827,0.81220037,0.7791498,0.78800833,0.77638435,0.78756297,0.8029448,0.7982609,0.76887,0.78507215,0.8216363,0.80403364,0.79620314,0.80826735,0.805741,0.7977644,0.8091567,0.816386,0.81588924,0.8249646,0.7911483,0.7897617,0.7623525,0.77643496,0.84221333,0.8791456,1.0000001,0.8649947,0.76279116,0.7971194,0.767157,0.7616652,0.7579465,0.8280457,0.7691713,0.7524889,0.75192153,0.7613626,0.77566516,0.7777977,0.73164886,0.7809411,0.77603287,0.76084554,0.778989,0.7548874,0.84672964,0.74660456,0.76592016,0.7540435,0.76155186,0.7446523,0.72654283,0.7836114,0.7204114,0.74398065,0.75749135,0.7828318,0.7426812,0.7559345,0.7556899,0.7495036,0.777055,0.78247994,0.7716168,0.7905356,0.7765636,0.76837486,0.7914609,0.78221524,0.7798602,0.80299634,0.7569714,0.7339574,0.73671424,0.73466563,0.771826,0.7569256,0.7805581,0.74243546,0.7465468,0.75256836,0.76071286,0.73736113,0.76821244,0.74180734,0.73644865,0.73682046,0.7467105,0.7749939,0.72920364,0.743257,0.73384017,0.7648542,0.77842665,0.7525341,0.7353143,0.75257885,0.75661254,0.78527486,0.78045934,0.7508979,0.74908245,0.7743567,0.7588811,0.74154913,0.7441224,0.754249,0.79739237,0.78052187,0.8220761,0.7563361,0.75671494,0.72759545,0.73934555,0.73434913,0.7344623,0.747357,0.74219275,0.75049484,0.7353361,0.7401856,0.79679966,0.7750532,0.7906308,0.71837103,0.7499833,0.75683796,0.74796504,0.75435424,0.73788446,0.7425904,0.75610083,0.72659695,0.73876965,0.7918204,0.7735115,0.74385166
LS,0.79849243,0.777316,0.7771317,0.79084337,0.79823846,0.79669005,0.75826335,0.8056274,0.7927816,0.7675601,0.78475505,0.80381006,0.76170063,0.7771021,0.75014496,0.7311479,0.77209175,0.74970603,0.7763758,0.78231645,0.8096507,0.7961559,0.7618408,0.7928383,0.81925046,0.7701162,0.7749811,0.73079586,0.703594,0.75833434,0.7180133,0.87861925,0.88515913,0.8649947,1.0000001,0.74487865,0.7403779,0.73937565,0.7424372,0.7583957,0.83806556,0.74632967,0.74217224,0.76641744,0.7329554,0.7580471,0.74098814,0.7173207,0.7804366,0.79419255,0.74600124,0.76722133,0.77625144,0.7643013,0.7373788,0.7893114,0.7738081,0.78334296,0.7633931,0.74396604,0.75672984,0.7364462,0.7486176,0.78400123,0.75321823,0.7526205,0.7608633,0.7616881,0.75039464,0.7327565,0.77059436,0.7473629,0.73455507,0.75542855,0.7959953,0.7734906,0.7617943,0.7567905,0.79105484,0.77389354,0.71911824,0.7462584,0.77948606,0.7335299,0.7607158,0.76031756,0.7657141,0.73831713,0.7673296,0.75943923,0.75963384,0.7681962,0.7246418,0.7409346,0.7131082,0.76236075,0.75447273,0.7267115,0.73982984,0.7619659,0.768466,0.7897853,0.75554824,0.74270904,0.75203955,0.77358407,0.7822802,0.75978017,0.7474546,0.73907405,0.7371047,0.75815,0.7503964,0.72745216,0.73523325,0.7546203,0.7835218,0.7477075,0.75181377,0.7298707,0.7397954,0.7254418,0.69504577,0.75440615,0.6896659,0.6892079,0.7319957,0.6906885,0.7153809,0.79312855,0.781421,0.76645184,0.6819078,0.741907,0.7230752,0.73482025,0.74825317,0.7059715,0.747253,0.7443018,0.6943393,0.6961475,0.7138114,0.7681874,0.7413635
HE,0.81364137,0.836449,0.8200216,0.8007507,0.8064463,0.81766796,0.7855548,0.8346124,0.8013094,0.86092556,0.850199,0.7761165,0.79149586,0.80314136,0.7899106,0.7310848,0.78663826,0.7990668,0.7912369,0.79596514,0.8313998,0.8166069,0.7854487,0.8345114,0.79393363,0.81826425,0.82290787,0.81497675,0.77920765,0.7583344,0.7553326,0.7807281,0.7607658,0.76279116,0.74487865,0.9999999,0.9187151,0.890555,0.7428903,0.8047129,0.7949364,0.7675555,0.78467476,0.74962234,0.77579385,0.7967643,0.74714893,0.73839384,0.77228445,0.8296317,0.7757216,0.7668779,0.7691582,0.7672544,0.73804253,0.78654855,0.77740467,0.7424234,0.7263742,0.73027205,0.7475278,0.7709514,0.7312566,0.7895793,0.7728298,0.7351482,0.7395174,0.7359842,0.73683333,0.72659,0.75368726,0.76576924,0.74393845,0.70463943,0.7542881,0.7867718,0.76627153,0.7339685,0.7468827,0.791983,0.7585448,0.7515518,0.7085302,0.7322418,0.769721,0.7614772,0.73495245,0.74403167,0.7438829,0.7508253,0.7714029,0.7381104,0.71842146,0.7128713,0.7049475,0.7347677,0.7302425,0.7388582,0.699294,0.72317815,0.71156126,0.7506696,0.7252298,0.7022177,0.73048675,0.7173971,0.74043983,0.7105379,0.82044005,0.74725413,0.7580926,0.8025441,0.73965836,0.7542728,0.74990135,0.7593744,0.7422047,0.75646967,0.7118309,0.7344767,0.72557455,0.72708935,0.7661548,0.74524087,0.7265018,0.7105062,0.6943283,0.7121715,0.7411604,0.7425911,0.71552277,0.70131576,0.6877183,0.7073046,0.6986582,0.72292316,0.70315385,0.68294615,0.74343216,0.7224845,0.68657744,0.6794754,0.72994447,0.7879636,0.6926099
HW,0.809209,0.8266088,0.81563145,0.8007924,0.79764116,0.8356763,0.7848385,0.8305478,0.80090153,0.7917181,0.7979685,0.7881185,0.7993233,0.79548967,0.80409545,0.75751114,0.79269606,0.8240478,0.7960798,0.7973919,0.82537496,0.8222135,0.80445814,0.8302189,0.80668443,0.8409946,0.82421863,0.7644942,0.8056669,0.75071585,0.7269464,0.767683,0.75920177,0.7971194,0.7403779,0.9187151,1.0000004,0.90450746,0.78070045,0.767429,0.7923902,0.75285757,0.7287857,0.7466644,0.7452483,0.7701917,0.74421555,0.73334795,0.74907446,0.7685806,0.75694406,0.7424498,0.75691146,0.7578301,0.7258415,0.7319505,0.7527396,0.7252346,0.7124875,0.7026863,0.7437258,0.7188623,0.7364882,0.73588777,0.75526744,0.7027584,0.71766716,0.73361087,0.73846567,0.72177005,0.74693453,0.7600207,0.7516209,0.73052526,0.76121503,0.74343663,0.7454249,0.7373869,0.75897557,0.7250643,0.717436,0.7207763,0.7086959,0.74228454,0.7304435,0.73563826,0.7216036,0.72945476,0.7380917,0.72804785,0.73008835,0.73110706,0.70551574,0.7110463,0.70428795,0.74036825,0.7342142,0.7217024,0.7006924,0.7174695,0.7159797,0.74441487,0.72592634,0.7110116,0.7286558,0.7074038,0.73958963,0.7159916,0.77118593,0.74882215,0.73750246,0.7405615,0.7216094,0.7184824,0.7253627,0.74267757,0.7462872,0.73027146,0.7097128,0.73794544,0.7031048,0.7452764,0.7686528,0.74979895,0.7437645,0.73533595,0.7017077,0.72385657,0.741118,0.726483,0.7170976,0.71269894,0.70909905,0.7037741,0.71811044,0.72555816,0.70574677,0.69039065,0.71101665,0.7101475,0.7117045,0.7030219,0.7372206,0.7778479,0.71540177
HM,0.8102979,0.80361944,0.8011304,0.79350084,0.8423798,0.80807775,0.7960074,0.81727576,0.7899031,0.7917851,0.78818077,0.78636765,0.7739267,0.8167759,0.7843277,0.7955599,0.78884065,0.80916625,0.8311955,0.83461607,0.8101043,0.82082105,0.80861664,0.8145515,0.8502493,0.8265132,0.82934654,0.7472208,0.7678591,0.79536015,0.7262412,0.77357453,0.76342744,0.767157,0.73937565,0.890555,0.90450746,1.0,0.753618,0.74632686,0.7736627,0.74489605,0.7406421,0.74821246,0.7348118,0.7441418,0.73318595,0.7273494,0.75193584,0.76631397,0.74786544,0.74904644,0.7449599,0.7522163,0.73227084,0.7260773,0.7453978,0.7121315,0.7229266,0.717965,0.76723874,0.74657387,0.7254247,0.72288567,0.7480563,0.6957143,0.71503127,0.7330686,0.71464294,0.7287123,0.74689704,0.7443984,0.7538562,0.71347713,0.73958755,0.7443406,0.7408552,0.74263597,0.7448561,0.725398,0.71959305,0.7260133,0.70877004,0.7387463,0.71234906,0.70779526,0.6955893,0.7023555,0.72046554,0.7188515,0.7498847,0.744423,0.7124934,0.7177885,0.7084912,0.71949685,0.72356737,0.72176707,0.69978315,0.72513187,0.7108902,0.7239754,0.70855016,0.69929713,0.72548115,0.7081356,0.7259063,0.76425517,0.7816125,0.75535005,0.72911316,0.7374977,0.70530605,0.7214638,0.7384862,0.72615683,0.74052024,0.72162366,0.71234024,0.7210175,0.6994661,0.71805227,0.7389393,0.73545456,0.7131711,0.7302151,0.6843779,0.73580015,0.74402106,0.73698395,0.7247509,0.7363461,0.6878641,0.70314014,0.687897,0.7040849,0.7038619,0.6717037,0.7059653,0.6908047,0.6908107,0.67830855,0.6917496,0.75949377,0.69451004
TA,0.76948065,0.76155007,0.77194875,0.7667339,0.76516473,0.7754934,0.7801742,0.7738111,0.76515704,0.73961407,0.7362786,0.7356716,0.74974096,0.75051516,0.7389081,0.7370884,0.7342791,0.7408768,0.7665199,0.7565403,0.76219714,0.7792709,0.7794562,0.7793804,0.7679701,0.804451,0.7650176,0.7229961,0.7581113,0.7748103,0.7247134,0.7628175,0.7650251,0.7616652,0.7424372,0.7428903,0.78070045,0.753618,1.0,0.9002384,0.7694861,0.7545074,0.7156678,0.7565078,0.7165037,0.7367443,0.73596096,0.71508026,0.7583673,0.7394402,0.7435734,0.7430901,0.72869575,0.75546575,0.73356056,0.7093026,0.7147018,0.7176769,0.72516215,0.7035605,0.73568803,0.7393098,0.7163534,0.70563847,0.71177185,0.7018349,0.69841266,0.7085863,0.6859286,0.6895344,0.7134096,0.67997736,0.6905361,0.71180844,0.7370806,0.7058481,0.74243647,0.7092517,0.7385005,0.6722122,0.67642003,0.7041848,0.6847139,0.69319046,0.7124189,0.69055057,0.6759361,0.6976116,0.70498794,0.7173639,0.71106285,0.7406495,0.6846966,0.7249794,0.70362765,0.716841,0.73407453,0.71640354,0.7000568,0.7393228,0.7463211,0.7511838,0.73356557,0.72613907,0.7206998,0.70163065,0.74949855,0.72707784,0.6986059,0.701628,0.6957604,0.7194853,0.7185371,0.6882088,0.73414373,0.711939,0.71834564,0.73203814,0.6763396,0.717367,0.68109024,0.6828065,0.6908413,0.6832788,0.65724885,0.7034432,0.684985,0.69610596,0.72429526,0.73196876,0.74909806,0.6968398,0.70174944,0.69763017,0.68350637,0.69602054,0.7066222,0.7346909,0.74176615,0.7364447,0.7034292,0.6899825,0.7248603,0.7277474,0.72107923
TE,0.7808538,0.78298146,0.7957698,0.77381486,0.77493614,0.77589345,0.78636,0.7955784,0.7765717,0.7674103,0.78120315,0.73556256,0.7629623,0.7754786,0.74540573,0.7329127,0.7294671,0.73133713,0.77901983,0.76316714,0.78166765,0.80041754,0.7823467,0.7864438,0.7742406,0.79170406,0.77801144,0.7516713,0.7441341,0.7974305,0.747519,0.77708113,0.75716215,0.7579465,0.7583957,0.8047129,0.767429,0.74632686,0.9002384,0.99999994,0.78980494,0.78117347,0.76038283,0.7558507,0.7334725,0.7934189,0.73620844,0.7167534,0.774314,0.78087276,0.77478373,0.766719,0.7318186,0.7757756,0.7325915,0.74893427,0.74393153,0.71618146,0.7268437,0.71807283,0.75557405,0.7462398,0.7181427,0.742242,0.729559,0.7305111,0.7176807,0.6962445,0.683617,0.6812961,0.70798945,0.6860288,0.6926795,0.71921897,0.75694823,0.7533996,0.7561062,0.72488844,0.7543117,0.70516527,0.7045352,0.71882015,0.6809107,0.69151676,0.7521013,0.71415293,0.6810869,0.71335816,0.71568274,0.737784,0.73824394,0.74792117,0.72542536,0.7329055,0.7144561,0.7253873,0.74083674,0.7322208,0.72958976,0.7642094,0.7571842,0.7864314,0.7557329,0.7339721,0.761801,0.71214926,0.7549032,0.7603147,0.7311055,0.71198964,0.72163796,0.7568803,0.7423934,0.70454675,0.7387282,0.7221127,0.69113034,0.7419345,0.70969164,0.72687954,0.70654035,0.67513454,0.69466937,0.6848749,0.6747028,0.70492196,0.70182645,0.71424425,0.7438772,0.7570108,0.765147,0.6997164,0.7105971,0.73713243,0.7086755,0.70447606,0.7076819,0.74285555,0.77323675,0.7813951,0.7097517,0.7315269,0.7400177,0.7543709,0.72940814
OC,0.83687866,0.8471806,0.8409415,0.8551243,0.8291215,0.8330599,0.8306234,0.88744855,0.8492228,0.809204,0.8530165,0.82419133,0.82113755,0.84020644,0.8434703,0.7966131,0.8231723,0.80642885,0.8325368,0.8338459,0.9064954,0.8566077,0.7959647,0.82161975,0.8137009,0.82144785,0.8283,0.7955657,0.7723355,0.806291,0.7949279,0.82424253,0.8389362,0.8280457,0.83806556,0.7949364,0.7923902,0.7736627,0.7694861,0.78980494,1.0000002,0.77325815,0.7793424,0.7940731,0.7532663,0.8005927,0.7723553,0.7555589,0.7971916,0.807894,0.80364734,0.7941438,0.7760706,0.7992941,0.7661399,0.78079766,0.80366623,0.75387144,0.7510544,0.76613355,0.78863245,0.739429,0.7472322,0.79094017,0.7830602,0.76380634,0.77892864,0.7731468,0.7644279,0.7424327,0.79414797,0.7944486,0.77720493,0.7754799,0.79270434,0.7835432,0.7745205,0.7628222,0.81554455,0.7667457,0.7360398,0.76422316,0.7451269,0.7618215,0.7688627,0.7543236,0.7386211,0.7560045,0.75736785,0.77095824,0.7549961,0.77658665,0.75333893,0.7592241,0.74281275,0.75800467,0.7750488,0.7289711,0.7471831,0.77081513,0.7582562,0.8167329,0.76191723,0.7497382,0.7666396,0.77170885,0.77205235,0.761906,0.7742575,0.7798431,0.7649554,0.774697,0.76243114,0.7297679,0.7637576,0.7780693,0.7528339,0.760517,0.74545735,0.743075,0.73680186,0.7274665,0.7272676,0.75286895,0.71744937,0.7616602,0.74050844,0.7235355,0.7306814,0.7826551,0.77551025,0.76025224,0.6746038,0.72600895,0.7560687,0.74246716,0.7402353,0.72782695,0.7417395,0.75176793,0.7034416,0.70703846,0.724762,0.8131423,0.7901622
PO,0.7746968,0.7965765,0.8026874,0.7910048,0.78708607,0.7623632,0.7913248,0.79903036,0.7764283,0.7971024,0.7904966,0.7629134,0.79610085,0.8008274,0.77809435,0.70969385,0.75972134,0.7710497,0.7904544,0.79009473,0.79929894,0.8149326,0.7683549,0.80478597,0.77625257,0.79951584,0.8116689,0.738785,0.73992485,0.7512865,0.7510765,0.76913,0.79277825,0.7691713,0.74632967,0.7675555,0.75285757,0.74489605,0.7545074,0.78117347,0.77325815,1.0000001,0.8842813,0.86059725,0.84883845,0.8612058,0.87111264,0.84638613,0.83109736,0.8045158,0.84645134,0.82764614,0.79665256,0.77193576,0.8082818,0.8225473,0.8184256,0.8068634,0.78629243,0.8089392,0.79601187,0.74535227,0.80399084,0.814615,0.81950164,0.8052802,0.78816164,0.7949501,0.7842023,0.7634394,0.78699684,0.79704106,0.799253,0.75387764,0.81149554,0.83124727,0.80660313,0.81341505,0.83653367,0.8018217,0.79151785,0.82925534,0.75571156,0.7894647,0.8230221,0.783736,0.77813476,0.8151156,0.79244393,0.7944444,0.81458783,0.8256943,0.76251334,0.8009448,0.7946127,0.7882748,0.7949585,0.7923266,0.7721682,0.77274716,0.7776674,0.8036349,0.7606535,0.7784249,0.78663296,0.7970154,0.816333,0.7738217,0.80733293,0.8015891,0.815819,0.7771139,0.73632085,0.7592805,0.79264367,0.8124761,0.7785613,0.77238536,0.7764958,0.7454039,0.7397124,0.73678833,0.7429784,0.7660935,0.75035584,0.7578194,0.7531615,0.7799166,0.7541714,0.77602553,0.77319765,0.76089394,0.7118292,0.71826005,0.762205,0.78041005,0.7745605,0.76108783,0.7654801,0.74537843,0.7049845,0.71106076,0.7020377,0.8343054,0.7374909
PL,0.7406776,0.77549314,0.7701445,0.7612745,0.762221,0.7517357,0.7676055,0.76888216,0.7649684,0.79816663,0.8297746,0.7457038,0.7647766,0.7711919,0.7407627,0.700456,0.760648,0.7455213,0.7636419,0.77883804,0.78699464,0.7730305,0.7181103,0.8144963,0.7446009,0.75917655,0.7715688,0.7514716,0.7241466,0.7421417,0.75964963,0.7438721,0.7783202,0.7524889,0.74217224,0.78467476,0.7287857,0.7406421,0.7156678,0.76038283,0.7793424,0.8842813,1.0000004,0.8307555,0.85139036,0.8462039,0.83381045,0.8181848,0.80677444,0.82378304,0.82530963,0.8018713,0.78144765,0.7682342,0.7924041,0.8356888,0.81913584,0.77072245,0.777369,0.7977327,0.7677897,0.77663887,0.778458,0.8444494,0.7990494,0.8086547,0.7933404,0.78118294,0.7641314,0.76291054,0.79175913,0.78525215,0.79034793,0.7342429,0.7778234,0.83209074,0.80371255,0.78905666,0.79646945,0.81420076,0.7849785,0.8028523,0.7386606,0.7713357,0.8104257,0.78692514,0.76902944,0.81361187,0.7649984,0.7742938,0.83270836,0.78240716,0.7492525,0.7593084,0.7625074,0.7747397,0.77054775,0.78819364,0.7637979,0.74895704,0.7572614,0.78194094,0.7276342,0.73984236,0.7472347,0.78518146,0.7861978,0.75240964,0.8555358,0.76945865,0.79347354,0.8163179,0.7267802,0.7741016,0.78238034,0.805859,0.77485144,0.77347904,0.769917,0.7431693,0.7647758,0.72796917,0.7565887,0.76154244,0.73155916,0.72715235,0.7368619,0.7471626,0.7247563,0.73818195,0.73739165,0.730385,0.67549694,0.70329225,0.71341956,0.73571527,0.749225,0.7372947,0.78510964,0.7402952,0.6732625,0.6849483,0.7011224,0.81701374,0.7149551
PB,0.7825934,0.7682149,0.76077366,0.76802266,0.7667587,0.76451206,0.7691524,0.7784709,0.7656068,0.7746928,0.7750339,0.7417974,0.74874014,0.74892694,0.7353511,0.6861129,0.7379191,0.7291593,0.7814076,0.7680792,0.7826442,0.864609,0.74241877,0.7675834,0.76744753,0.7655971,0.75431377,0.72184795,0.71957433,0.7405417,0.7398364,0.7815092,0.7727906,0.75192153,0.76641744,0.74962234,0.7466644,0.74821246,0.7565078,0.7558507,0.7940731,0.86059725,0.8307555,1.0,0.86704326,0.8594102,0.84871376,0.82753825,0.82484424,0.8171138,0.82660455,0.8145988,0.83723366,0.80953616,0.7819656,0.791571,0.8235244,0.82336414,0.79626703,0.7824222,0.7775996,0.75215447,0.7711985,0.81253105,0.7913201,0.8158857,0.7833134,0.8100971,0.79160714,0.75010717,0.7917447,0.76451844,0.7916866,0.74122906,0.81715137,0.8047123,0.81836724,0.8062674,0.8254818,0.83365095,0.7735466,0.8178479,0.755973,0.7595193,0.77768147,0.7779644,0.8135015,0.78314877,0.7998781,0.8254155,0.7832328,0.77363354,0.75541043,0.7499924,0.74297255,0.79782426,0.7991573,0.78204614,0.79708296,0.77711195,0.76969194,0.8068981,0.7412839,0.7939115,0.788417,0.81773067,0.82297885,0.78045887,0.775123,0.7653482,0.7961062,0.7915801,0.7474507,0.7715051,0.792305,0.8205285,0.7757205,0.78934634,0.7670181,0.74719286,0.7615398,0.7195057,0.7476736,0.7736893,0.75023085,0.72161424,0.76861656,0.744545,0.75898963,0.7832131,0.77716553,0.7621825,0.70455825,0.7411736,0.729899,0.74028015,0.7463927,0.743541,0.7516791,0.76059884,0.701217,0.7075318,0.7120052,0.835208,0.71594894
PD,0.7421816,0.75210094,0.75271124,0.7370199,0.75298476,0.75532246,0.74097604,0.75150126,0.7795905,0.7963947,0.7976509,0.73523664,0.7606566,0.76397526,0.73622775,0.68970907,0.7389139,0.7399706,0.7658738,0.76679355,0.7704276,0.76246077,0.72099805,0.7724446,0.7461145,0.76436377,0.7618932,0.76575905,0.7554103,0.73777735,0.78016496,0.75156516,0.7629382,0.7613626,0.7329554,0.77579385,0.7452483,0.7348118,0.7165037,0.7334725,0.7532663,0.84883845,0.85139036,0.86704326,1.0,0.8814494,0.8455799,0.8148155,0.7926948,0.7950239,0.7977371,0.77841675,0.83134276,0.79643,0.76314,0.7987418,0.82003593,0.8060607,0.79669476,0.78029937,0.77112675,0.75440466,0.77634037,0.80589575,0.78747404,0.7836083,0.7742178,0.810061,0.79711115,0.77707404,0.7815784,0.78456247,0.7879941,0.72137773,0.76926726,0.7917057,0.80542946,0.7753198,0.7766082,0.8407287,0.8043495,0.7916328,0.7210207,0.75525576,0.82382107,0.8101904,0.8439729,0.8134487,0.7906031,0.7984559,0.8124707,0.7565292,0.7557023,0.7607377,0.7564086,0.811586,0.81344867,0.80989695,0.8014952,0.7594168,0.76869243,0.80117476,0.7501669,0.78990614,0.768908,0.79943454,0.8041438,0.7513026,0.76775503,0.7504126,0.8007996,0.8115237,0.73855907,0.77617025,0.81321806,0.8506478,0.79111385,0.8011256,0.7728585,0.777747,0.78523505,0.74919826,0.77392936,0.77206486,0.7694851,0.7018527,0.7556246,0.7407516,0.7280842,0.7666307,0.74704033,0.75043607,0.7205196,0.7310158,0.7198224,0.7880972,0.73779684,0.73951244,0.74204564,0.7419833,0.6810065,0.69544804,0.737334,0.7937008,0.6870772
PX,0.77879167,0.78880847,0.7810476,0.7950314,0.77949446,0.7866652,0.7954656,0.80933815,0.7963534,0.79422444,0.7970942,0.7779429,0.78795177,0.77598214,0.7796576,0.7205714,0.78378826,0.7681583,0.7850943,0.7897717,0.82168585,0.8022122,0.75373685,0.78754765,0.76893926,0.79254544,0.79468334,0.73543435,0.7183326,0.75503874,0.77326953,0.7459199,0.8003812,0.77566516,0.7580471,0.7967643,0.7701917,0.7441418,0.7367443,0.7934189,0.8005927,0.8612058,0.8462039,0.8594102,0.8814494,1.0000002,0.87001973,0.85403764,0.80018127,0.80956566,0.82765603,0.807454,0.80481666,0.77203006,0.77837217,0.82088524,0.8238547,0.79754245,0.778408,0.7930472,0.78042144,0.7612342,0.80891454,0.81867003,0.8149877,0.7989186,0.78695786,0.821741,0.8147909,0.77808976,0.79537153,0.8171213,0.81165236,0.74044704,0.7921052,0.8203238,0.81185156,0.8029666,0.81827813,0.8264914,0.7783852,0.78888464,0.7670245,0.78591865,0.8360055,0.82975477,0.82162654,0.85040265,0.80710006,0.79613054,0.8269345,0.7918683,0.7701194,0.79412794,0.7900573,0.7978635,0.8008065,0.77844095,0.75697386,0.7633351,0.74868155,0.79836416,0.747876,0.7691714,0.77188724,0.7928839,0.7918078,0.7614938,0.80430937,0.8050402,0.829033,0.80617654,0.778903,0.7665489,0.8108892,0.826112,0.78418964,0.7942953,0.7874235,0.7959524,0.79117215,0.76731896,0.7557534,0.79441893,0.7700378,0.7129666,0.7803073,0.75206083,0.73501706,0.788625,0.7578647,0.77803403,0.7076251,0.74558794,0.75937295,0.79529846,0.7821207,0.76223314,0.7588196,0.7526034,0.7004593,0.7208737,0.7416135,0.83524483,0.72615355
PA,0.76417136,0.8243827,0.772855,0.8073818,0.7671043,0.76887536,0.77757066,0.79520726,0.78693914,0.81042254,0.759802,0.7832741,0.77218854,0.75828177,0.750832,0.7157215,0.78963864,0.7974664,0.7645221,0.8088158,0.7909692,0.79284143,0.74600476,0.7989904,0.7729336,0.8107683,0.825414,0.740638,0.7286235,0.70710886,0.7722868,0.74782693,0.83463544,0.7777977,0.74098814,0.74714893,0.74421555,0.73318595,0.73596096,0.73620844,0.7723553,0.87111264,0.83381045,0.84871376,0.8455799,0.87001973,1.0000001,0.8651296,0.81671643,0.7945798,0.8398479,0.7991732,0.80627364,0.78166944,0.8501098,0.80430084,0.7979375,0.8219272,0.79445994,0.83440256,0.79399574,0.7577418,0.8186857,0.7854669,0.886703,0.8031981,0.77025336,0.800527,0.82108146,0.7721083,0.7856356,0.80222464,0.8056623,0.7459295,0.7837044,0.8391197,0.8139345,0.78735733,0.8261644,0.7957751,0.76979864,0.78636086,0.79972214,0.8133193,0.78419566,0.7740283,0.7941487,0.80182815,0.7927162,0.80510974,0.7835554,0.78703076,0.74995303,0.8115109,0.8062228,0.782759,0.9059376,0.77444184,0.78083944,0.7673943,0.7741218,0.7970947,0.7575271,0.79669935,0.78183085,0.8126061,0.79805374,0.7674968,0.7802247,0.8224791,0.8079449,0.78828245,0.7830566,0.7311259,0.7702405,0.80119437,0.7579204,0.79746515,0.77603203,0.75539416,0.75773287,0.7504894,0.74465936,0.7348889,0.7595428,0.7285646,0.7951811,0.7939814,0.7792009,0.7815858,0.7588533,0.8148089,0.7139869,0.7273632,0.7729136,0.7682272,0.78508246,0.7499486,0.7523912,0.7421871,0.7195462,0.71597975,0.71030384,0.8286123,0.72380555
BP,0.7610983,0.7504736,0.75238603,0.776415,0.73945546,0.740062,0.780172,0.7581239,0.7504853,0.7530274,0.749617,0.748215,0.73510385,0.7303222,0.73838395,0.71765196,0.85722506,0.7309014,0.7441534,0.744058,0.769477,0.7623114,0.7031628,0.7326205,0.7267133,0.75409526,0.7484337,0.68548465,0.7057961,0.69512236,0.72261274,0.7128477,0.78793395,0.73164886,0.7173207,0.73839384,0.73334795,0.7273494,0.71508026,0.7167534,0.7555589,0.84638613,0.8181848,0.82753825,0.8148155,0.85403764,0.8651296,0.9999999,0.7939741,0.77672845,0.82416785,0.7984993,0.84327054,0.7466925,0.8152113,0.7713487,0.77925664,0.7697378,0.78457034,0.8257756,0.76001143,0.7218021,0.8173599,0.7882029,0.7893154,0.7928144,0.80781424,0.79917693,0.7873646,0.7546175,0.8031243,0.7856697,0.7776059,0.7569629,0.83667696,0.76486653,0.77304006,0.77391195,0.78199226,0.7555226,0.7567024,0.7818327,0.76028454,0.80700564,0.7785597,0.76698977,0.7634864,0.7966651,0.8562533,0.7837658,0.8192388,0.7778335,0.7362318,0.79969466,0.7849554,0.872179,0.7914811,0.7794412,0.7683525,0.7687696,0.7575313,0.7846817,0.7422012,0.77588,0.76366735,0.8126556,0.76383626,0.74721134,0.7528135,0.7912222,0.78679234,0.7737991,0.7850558,0.72297573,0.77182746,0.7866371,0.7585031,0.77575135,0.7650907,0.7630508,0.74731874,0.7013567,0.7361424,0.78881097,0.7197582,0.708771,0.8079047,0.76540667,0.75855595,0.73691815,0.73601,0.7735438,0.6781415,0.706239,0.75933665,0.75066996,0.7741778,0.7133899,0.7392747,0.73554826,0.72555864,0.7130667,0.7042396,0.81461227,0.72807467
BW,0.8050981,0.7871944,0.7856108,0.7880833,0.77847666,0.7672485,0.7878308,0.7953166,0.7886181,0.7653477,0.784049,0.733451,0.7752755,0.7741733,0.7396605,0.7170019,0.7448245,0.7530836,0.7703338,0.7786086,0.79000425,0.8054274,0.75191104,0.77421576,0.7766421,0.7723519,0.7811188,0.7336218,0.7469966,0.7471044,0.7591371,0.8186986,0.80320597,0.7809411,0.7804366,0.77228445,0.74907446,0.75193584,0.7583673,0.774314,0.7971916,0.83109736,0.80677444,0.82484424,0.7926948,0.80018127,0.81671643,0.7939741,1.0000005,0.8843804,0.88624245,0.9090805,0.8829205,0.87501013,0.88306344,0.8121931,0.83651006,0.8046535,0.79596525,0.79819655,0.8087146,0.78213394,0.77995586,0.8271917,0.80731994,0.8082395,0.79082483,0.78917515,0.7758378,0.775799,0.7832539,0.782439,0.7966942,0.77586967,0.79578,0.79578793,0.79667294,0.79143244,0.7957441,0.77905744,0.76638067,0.8098781,0.7461101,0.76269877,0.8124084,0.77458304,0.7694063,0.7862087,0.79266953,0.8241092,0.8008484,0.8164669,0.7676278,0.7637645,0.7620032,0.77883995,0.7786772,0.77835476,0.76701146,0.80004716,0.7697908,0.7928858,0.7459272,0.7544898,0.7999534,0.7897198,0.8124155,0.7680191,0.7802151,0.7522753,0.80302066,0.8173803,0.7839643,0.7523483,0.7769543,0.7815578,0.7693579,0.78507465,0.7471601,0.75437033,0.7862381,0.7306392,0.7553705,0.7338953,0.7608414,0.72608924,0.7869346,0.7367431,0.75684464,0.7930418,0.7883507,0.76483536,0.7023593,0.71677506,0.743449,0.7534214,0.7631261,0.76714486,0.7894153,0.7823708,0.75396013,0.73593175,0.7329457,0.8500856,0.7346686
BY,0.8012901,0.7975717,0.78175145,0.7799834,0.78882784,0.7809647,0.7807292,0.8031612,0.78773427,0.8111327,0.82150847,0.7398436,0.7566072,0.7666224,0.7276952,0.7043604,0.75510037,0.7391294,0.7669167,0.77736413,0.796466,0.80871224,0.7544779,0.7875325,0.7690372,0.76926374,0.78054845,0.7575504,0.7149576,0.7774314,0.7413552,0.81351566,0.8166369,0.77603287,0.79419255,0.8296317,0.7685806,0.76631397,0.7394402,0.78087276,0.807894,0.8045158,0.82378304,0.8171138,0.7950239,0.80956566,0.7945798,0.77672845,0.8843804,1.0000001,0.8462202,0.8913815,0.8665694,0.84293354,0.85100895,0.85222703,0.84244835,0.81118494,0.7985293,0.801254,0.7942041,0.80428284,0.77453756,0.8664523,0.83178407,0.8130742,0.7965122,0.79304636,0.7970823,0.8000792,0.8014409,0.8067985,0.7962562,0.7594663,0.79805905,0.84627837,0.8084803,0.792984,0.79975456,0.8406098,0.78775907,0.81779385,0.738773,0.76768905,0.81991935,0.79780513,0.78322905,0.79114944,0.81439936,0.8426578,0.8267991,0.7837393,0.7459464,0.7456728,0.75648665,0.76872164,0.7745415,0.7602426,0.7438456,0.7717063,0.7747587,0.78961444,0.7519768,0.74000937,0.7845413,0.78347707,0.80581367,0.745033,0.83094275,0.7505509,0.81692713,0.8654461,0.78736794,0.7786921,0.80185914,0.7913182,0.77983314,0.7929696,0.7621773,0.7558002,0.7894131,0.74870914,0.74804986,0.7582245,0.7453755,0.7019457,0.74424607,0.726938,0.78003335,0.7901161,0.76485676,0.753798,0.67847836,0.7341871,0.72613746,0.74193615,0.75648725,0.74156666,0.80245423,0.7600545,0.71875906,0.7129303,0.7387922,0.84723485,0.71534294
BT,0.78943896,0.78250813,0.7603322,0.78219557,0.7671987,0.76924646,0.7867504,0.78613555,0.80075705,0.76955473,0.7768742,0.7566499,0.77976906,0.7905937,0.7587836,0.7279633,0.77665544,0.749585,0.7881384,0.778983,0.8157134,0.8011761,0.73473173,0.7708429,0.7519563,0.77515,0.7768688,0.73070973,0.7305572,0.7310715,0.75908077,0.7725054,0.7853669,0.76084554,0.74600124,0.7757216,0.75694406,0.74786544,0.7435734,0.77478373,0.80364734,0.84645134,0.82530963,0.82660455,0.7977371,0.82765603,0.8398479,0.82416785,0.88624245,0.8462202,1.0000004,0.8724154,0.8595228,0.8671907,0.8691904,0.7748603,0.8033006,0.7711787,0.761221,0.78118837,0.7851089,0.74490416,0.7733474,0.78269625,0.7917671,0.77896637,0.78918695,0.77376854,0.77540046,0.761482,0.7929908,0.7654324,0.7882314,0.7923283,0.7963377,0.7857019,0.76634336,0.7801739,0.80096114,0.75960183,0.7421602,0.7809387,0.7583061,0.7724282,0.776024,0.73889506,0.74815345,0.7634773,0.76481044,0.78644186,0.7797607,0.7818402,0.75174475,0.77283823,0.75959146,0.78749716,0.79646033,0.7694853,0.77512103,0.7877588,0.75302684,0.7925639,0.7720285,0.7626467,0.7811028,0.7696308,0.76878476,0.75107723,0.7552942,0.7507632,0.80407137,0.78517646,0.7837653,0.72977436,0.74525064,0.77214456,0.7403736,0.7717911,0.74709755,0.7401846,0.74019057,0.7066549,0.76913,0.74704957,0.76218015,0.75199956,0.7682762,0.7448972,0.7424506,0.7740184,0.7715464,0.7494997,0.70004654,0.7109953,0.7689239,0.7447714,0.7599451,0.7538193,0.76266617,0.7772894,0.7413068,0.7048854,0.7534731,0.80535394,0.73155
BL,0.7976667,0.7637193,0.763758,0.77091944,0.7707414,0.76611507,0.7790295,0.77870595,0.7574624,0.74300766,0.7751721,0.70589906,0.7610154,0.750489,0.7354026,0.731621,0.73879325,0.7389035,0.77037114,0.74476045,0.7747882,0.80219734,0.75801486,0.7629254,0.7546325,0.756695,0.76476234,0.7258577,0.73277646,0.74628204,0.73133385,0.80752534,0.8063992,0.778989,0.76722133,0.7668779,0.7424498,0.74904644,0.7430901,0.766719,0.7941438,0.82764614,0.8018713,0.8145988,0.77841675,0.807454,0.7991732,0.7984993,0.9090805,0.8913815,0.8724154,1.0000002,0.87794757,0.85866696,0.8565602,0.831639,0.8381762,0.80096346,0.7852689,0.79495555,0.8223448,0.7708088,0.777368,0.83545804,0.8110389,0.7981421,0.8079293,0.7922101,0.7836962,0.7849406,0.7953137,0.78858465,0.8399467,0.77410233,0.8102903,0.80402386,0.78642464,0.7925658,0.81471276,0.7969741,0.79080296,0.8273001,0.7340841,0.80102706,0.82535434,0.79538846,0.777097,0.80133176,0.7847532,0.7993022,0.83227825,0.80544543,0.7687986,0.7870596,0.80593574,0.7792586,0.7695261,0.75326765,0.7608174,0.7989243,0.7686204,0.7869782,0.7486147,0.75055593,0.78286386,0.7739617,0.78960806,0.76391745,0.79688674,0.7601117,0.8442675,0.8188542,0.79592955,0.75043285,0.78835964,0.77647066,0.78953445,0.786824,0.75897014,0.7751152,0.7721149,0.76843554,0.7288518,0.7657175,0.76277125,0.73089087,0.76757586,0.72491634,0.76230216,0.79166794,0.78601605,0.757922,0.67543644,0.743581,0.74047244,0.78097653,0.76447624,0.7801156,0.8005026,0.7894515,0.78179324,0.72589576,0.7247639,0.84228706,0.7251625
BM,0.7685988,0.7596868,0.7369692,0.7387328,0.7474293,0.75897354,0.757923,0.7509451,0.77290815,0.753595,0.77498764,0.7302307,0.7383552,0.746423,0.7260798,0.6958614,0.80495656,0.7216879,0.7508357,0.7385869,0.76962656,0.77593017,0.72500086,0.75976264,0.73136866,0.74768394,0.74449605,0.73626035,0.7345426,0.7285307,0.72505146,0.8000898,0.7943716,0.7548874,0.77625144,0.7691582,0.75691146,0.7449599,0.72869575,0.7318186,0.7760706,0.79665256,0.78144765,0.83723366,0.83134276,0.80481666,0.80627364,0.84327054,0.8829205,0.8665694,0.8595228,0.87794757,1.0,0.8705772,0.84266186,0.8075933,0.8375675,0.8191575,0.83149266,0.7793553,0.77403903,0.7477875,0.7554454,0.8438369,0.8100478,0.8086766,0.81311405,0.83041596,0.83609575,0.7851578,0.8010098,0.78913164,0.80830675,0.7765323,0.8624626,0.7860162,0.80886656,0.7911866,0.7954636,0.82154924,0.77735573,0.8142547,0.73539567,0.76258725,0.8179077,0.7856529,0.82197565,0.79775107,0.84560895,0.8250531,0.8056996,0.76423115,0.7465751,0.7589255,0.7537191,0.8833579,0.8017647,0.77862656,0.7886954,0.7891975,0.7784341,0.8022326,0.761824,0.7896545,0.7957735,0.79662,0.80243754,0.74395,0.7754546,0.7335978,0.80034626,0.822921,0.7817972,0.74812555,0.8012451,0.82041216,0.77105284,0.7910781,0.75569606,0.7720249,0.7790752,0.7415019,0.7614238,0.7892686,0.74716264,0.7099769,0.76452214,0.7191644,0.7432963,0.75876373,0.74745816,0.7496637,0.67911553,0.71145713,0.70623744,0.75816417,0.7267504,0.7519274,0.77443165,0.78116477,0.74748516,0.7235826,0.7596758,0.808183,0.70619744
BC,0.7651684,0.7621257,0.7410208,0.7406887,0.7551264,0.7489964,0.7686672,0.7611731,0.7723467,0.7506474,0.7505591,0.70296735,0.728533,0.76726025,0.72641015,0.74279964,0.7257098,0.7322302,0.76149124,0.750427,0.76822793,0.7825378,0.74077183,0.7507051,0.74964494,0.76774645,0.7512903,0.7869898,0.7649717,0.7405175,0.7576086,0.8003932,0.77828705,0.84672964,0.7643013,0.7672544,0.7578301,0.7522163,0.75546575,0.7757756,0.7992941,0.77193576,0.7682342,0.80953616,0.79643,0.77203006,0.78166944,0.7466925,0.87501013,0.84293354,0.8671907,0.85866696,0.8705772,1.0,0.8331274,0.7669338,0.784351,0.7708303,0.77351683,0.73323375,0.80597204,0.7446489,0.72972834,0.7645579,0.76623154,0.7553055,0.7579008,0.7479005,0.7419038,0.7512564,0.75967056,0.74367595,0.7749622,0.7632327,0.7680409,0.77394474,0.7892759,0.7635263,0.77008885,0.77649933,0.73977476,0.7724643,0.70742655,0.7522572,0.77149916,0.7679297,0.735582,0.723492,0.75020146,0.7990048,0.745162,0.7499649,0.76215637,0.74519444,0.73013616,0.7697119,0.8046403,0.7878438,0.7972705,0.790938,0.7884796,0.81006396,0.7614641,0.7692913,0.7991222,0.7701485,0.77772665,0.7821183,0.73378587,0.7183161,0.76653403,0.78791344,0.7746098,0.7602929,0.77045715,0.8089217,0.74198854,0.8218451,0.72897786,0.7335072,0.7358875,0.70160913,0.74938613,0.7206763,0.77134365,0.7395797,0.73059464,0.72353673,0.7616067,0.7884463,0.7780693,0.7798499,0.70912063,0.7446145,0.73935163,0.73434216,0.73342097,0.74451214,0.76546806,0.7859556,0.75764716,0.74910355,0.8110557,0.7913334,0.7172305
BUN,0.75914866,0.77605367,0.7402459,0.78144956,0.746212,0.7365835,0.7773351,0.7632188,0.7685813,0.77883923,0.7602408,0.7796788,0.7501873,0.7481676,0.70686054,0.71167046,0.78317505,0.7566092,0.7654624,0.7767222,0.7815802,0.77689946,0.725052,0.74894744,0.7266604,0.7517748,0.7747538,0.7272354,0.7059128,0.6947608,0.7170166,0.77204496,0.8329784,0.74660456,0.7373788,0.73804253,0.7258415,0.73227084,0.73356056,0.7325915,0.7661399,0.8082818,0.7924041,0.7819656,0.76314,0.77837217,0.8501098,0.8152113,0.88306344,0.85100895,0.8691904,0.8565602,0.84266186,0.8331274,1.0000002,0.78011215,0.7861489,0.760196,0.7771055,0.8199038,0.7737896,0.76205236,0.80893785,0.7804176,0.8161397,0.78387547,0.77924716,0.76631314,0.78565955,0.75465316,0.77385545,0.76586837,0.75189406,0.7518593,0.7621745,0.79438657,0.7561798,0.7509386,0.7765941,0.7739423,0.7378539,0.7814333,0.77559894,0.8121958,0.74931085,0.72510576,0.7292438,0.7527652,0.7521474,0.77902824,0.7672746,0.7942969,0.7264281,0.7992428,0.7845355,0.7710223,0.8201581,0.7572433,0.73720455,0.79323405,0.75798863,0.7735693,0.74932647,0.75995374,0.7758205,0.8125753,0.7811516,0.7458555,0.7517102,0.79713804,0.77022076,0.78564477,0.8095523,0.7105915,0.7389379,0.7485486,0.7593179,0.7756004,0.7266715,0.7489089,0.7565464,0.7121931,0.7293262,0.7293376,0.7335597,0.72296625,0.7740927,0.75029653,0.7692195,0.75578964,0.7377231,0.79187804,0.669501,0.71583647,0.72062325,0.7271261,0.76811296,0.754708,0.782873,0.74718386,0.73518604,0.71466213,0.7323601,0.8124782,0.71845245
MH,0.78239036,0.8006787,0.7856988,0.77037,0.78432715,0.76797676,0.7592652,0.7914222,0.76055974,0.8218887,0.8100724,0.74974227,0.7589559,0.7606321,0.7302735,0.70648617,0.7527107,0.7620145,0.7481767,0.7656999,0.7856136,0.775595,0.75780225,0.80278546,0.7660118,0.77286494,0.7880753,0.7627174,0.72579396,0.75529414,0.7410191,0.7844709,0.7949678,0.76592016,0.7893114,0.78654855,0.7319505,0.7260773,0.7093026,0.74893427,0.78079766,0.8225473,0.8356888,0.791571,0.7987418,0.82088524,0.80430084,0.7713487,0.8121931,0.85222703,0.7748603,0.831639,0.8075933,0.7669338,0.78011215,0.99999994,0.894935,0.9043436,0.8526496,0.85777986,0.8619935,0.855768,0.847967,0.85625213,0.84316504,0.8115574,0.80258906,0.7953345,0.7977903,0.7873647,0.77319396,0.81503654,0.7841214,0.72509897,0.788204,0.85406435,0.79499596,0.79371506,0.7926647,0.8499308,0.7957078,0.8203838,0.73387516,0.786288,0.83333683,0.8140675,0.7875084,0.83388186,0.80522424,0.82042867,0.8262572,0.76845884,0.75559074,0.76683956,0.7673743,0.76542926,0.7736336,0.74554193,0.73605394,0.7508775,0.7502912,0.77911335,0.7392811,0.73340654,0.7741923,0.7867967,0.79384184,0.7565957,0.87155604,0.7937515,0.8011141,0.84592175,0.7629728,0.7819872,0.8233627,0.8283315,0.79435927,0.7793177,0.7917209,0.7691785,0.81130636,0.7746227,0.7346888,0.7834823,0.7475491,0.7206695,0.7486494,0.73705804,0.74219376,0.7971172,0.77779377,0.7673321,0.69914114,0.7507382,0.708447,0.80392957,0.7739114,0.74103993,0.7868824,0.7633759,0.7094984,0.7005987,0.72634304,0.86352247,0.71796596
MS,0.7935046,0.7769166,0.82086164,0.7721715,0.780918,0.7722794,0.7599356,0.79932606,0.7840055,0.77641785,0.82408804,0.7598844,0.76495206,0.7695459,0.75589645,0.7207284,0.75872135,0.7436349,0.7803251,0.7713945,0.80437917,0.7970617,0.7580934,0.80212516,0.7635491,0.76862204,0.77996546,0.7373483,0.7452982,0.745054,0.783365,0.80546874,0.79301256,0.7540435,0.7738081,0.77740467,0.7527396,0.7453978,0.7147018,0.74393153,0.80366623,0.8184256,0.81913584,0.8235244,0.82003593,0.8238547,0.7979375,0.77925664,0.83651006,0.84244835,0.8033006,0.8381762,0.8375675,0.784351,0.7861489,0.894935,1.0000001,0.8722209,0.86713207,0.8576389,0.8776135,0.8339648,0.84555453,0.8945303,0.8086512,0.82747424,0.8035943,0.80456007,0.8114788,0.7907498,0.79168236,0.81588876,0.81475747,0.7380722,0.8172504,0.8150443,0.79424167,0.78512573,0.8123057,0.8315504,0.8112999,0.85787433,0.7395187,0.77515316,0.8178952,0.790998,0.7981924,0.8174294,0.8089757,0.83871645,0.80290425,0.7752319,0.7549147,0.77573985,0.7716737,0.78271455,0.7785442,0.72910345,0.7699513,0.7731601,0.76030177,0.7974242,0.75991267,0.76377726,0.81669647,0.79991007,0.8685959,0.77421755,0.81974655,0.7617141,0.80677676,0.8192525,0.76410055,0.77843755,0.81051564,0.818585,0.8044795,0.7719093,0.7848159,0.76905406,0.80080473,0.7599248,0.7533963,0.7802794,0.77067,0.76102567,0.7638751,0.77537924,0.77116835,0.8073938,0.77728057,0.7723445,0.7092458,0.7293263,0.7143104,0.77597183,0.76150084,0.73526,0.7562562,0.7730139,0.74335873,0.7344633,0.7178451,0.85824203,0.7238319
AG,0.77961993,0.77663445,0.7696373,0.7599565,0.76440185,0.750349,0.7505794,0.76671433,0.7522963,0.77617943,0.76376355,0.7442781,0.7419554,0.7398715,0.72109425,0.6853499,0.7367704,0.7440399,0.7445163,0.74922776,0.7592323,0.76178133,0.74293584,0.78139913,0.76926297,0.7815325,0.7736845,0.7421628,0.73596054,0.7319837,0.75654674,0.7822887,0.7918458,0.76155186,0.78334296,0.7424234,0.7252346,0.7121315,0.7176769,0.71618146,0.75387144,0.8068634,0.77072245,0.82336414,0.8060607,0.79754245,0.8219272,0.7697378,0.8046535,0.81118494,0.7711787,0.80096346,0.8191575,0.7708303,0.760196,0.9043436,0.8722209,1.0000001,0.8506241,0.84496033,0.83693767,0.8372294,0.83221334,0.80418396,0.8206916,0.81835985,0.78295016,0.80081654,0.8226342,0.78654504,0.76786083,0.79229325,0.7656022,0.7189398,0.7961833,0.80273896,0.80489063,0.79364187,0.80387574,0.83129114,0.776236,0.8097987,0.71918094,0.7611869,0.8137089,0.79547536,0.83576965,0.79804486,0.80743897,0.83377683,0.78349507,0.76572466,0.7429806,0.7483252,0.7497708,0.79087293,0.81218326,0.75278825,0.7737244,0.75743365,0.7745077,0.80151594,0.77499545,0.7706791,0.8001721,0.8090265,0.81385565,0.7554204,0.79384613,0.77430105,0.7906213,0.823024,0.76673067,0.76132965,0.8156054,0.8440695,0.7916416,0.76723844,0.7888688,0.7709522,0.79410076,0.7626962,0.7202996,0.76941955,0.7516873,0.7361497,0.7726822,0.7480568,0.7678283,0.7776189,0.7564656,0.7629717,0.7187445,0.72387695,0.730939,0.78371036,0.75048137,0.72949755,0.75656736,0.7741159,0.7362366,0.7196764,0.75791925,0.8400726,0.7041848
MB,0.7734829,0.76436806,0.75821674,0.74981165,0.76835847,0.7515793,0.7642047,0.7669179,0.7586208,0.7569264,0.75818336,0.7422423,0.7424776,0.7585485,0.7100253,0.6992868,0.7478173,0.73702407,0.74830395,0.74873286,0.7627381,0.7447959,0.74708086,0.77502173,0.7375861,0.7520318,0.75473917,0.7131921,0.7227959,0.7483433,0.74517107,0.7758812,0.7764071,0.7446523,0.7633931,0.7263742,0.7124875,0.7229266,0.72516215,0.7268437,0.7510544,0.78629243,0.777369,0.79626703,0.79669476,0.778408,0.79445994,0.78457034,0.79596525,0.7985293,0.761221,0.7852689,0.83149266,0.77351683,0.7771055,0.8526496,0.86713207,0.8506241,1.0000004,0.85888076,0.8478571,0.81796044,0.84311694,0.79698825,0.78688955,0.80120796,0.7740435,0.7927671,0.76737714,0.76621175,0.7601867,0.7532987,0.75949067,0.7164798,0.78364426,0.77761656,0.7838042,0.757212,0.76894087,0.8074704,0.75762093,0.78549635,0.7326902,0.74700123,0.7850523,0.7591317,0.77650225,0.7681073,0.791192,0.8074125,0.77241623,0.76347995,0.7387296,0.7538623,0.76399827,0.7916647,0.7934313,0.7653599,0.7608994,0.7626945,0.7641031,0.7934907,0.738202,0.76128846,0.799293,0.79389066,0.81827855,0.75657916,0.76446134,0.7362768,0.77250063,0.7928743,0.7539327,0.7462153,0.7854403,0.8073555,0.7567686,0.7575103,0.76250446,0.7407912,0.7837721,0.76082736,0.7256225,0.75550795,0.73122513,0.69315815,0.77639663,0.73846626,0.74259305,0.77457243,0.76227534,0.74762887,0.6935126,0.73555034,0.7199956,0.7579448,0.74936223,0.70554656,0.74337316,0.72447956,0.74631643,0.7345474,0.7211699,0.81542736,0.7227456
MN,0.7769422,0.7741689,0.78485024,0.8293584,0.767094,0.75089335,0.79315984,0.78848076,0.77982664,0.7757708,0.76934284,0.7721749,0.76199067,0.7645691,0.7378612,0.73157775,0.8002045,0.74094284,0.75381964,0.77001023,0.78485435,0.76829886,0.7340745,0.77877253,0.7529918,0.7635942,0.771232,0.7218303,0.7202601,0.7421234,0.7614192,0.75281984,0.8161262,0.72654283,0.74396604,0.73027205,0.7026863,0.717965,0.7035605,0.71807283,0.76613355,0.8089392,0.7977327,0.7824222,0.78029937,0.7930472,0.83440256,0.8257756,0.79819655,0.801254,0.78118837,0.79495555,0.7793553,0.73323375,0.8199038,0.85777986,0.8576389,0.84496033,0.85888076,1.0000001,0.8450303,0.8120589,0.8772054,0.80355674,0.7987411,0.8019091,0.7715709,0.78765017,0.763677,0.78279483,0.786735,0.78550893,0.75957906,0.7349391,0.7665827,0.7845117,0.7566448,0.7652815,0.7799962,0.79043573,0.77047694,0.7874096,0.76635313,0.7927779,0.7792202,0.7523877,0.75696903,0.77278864,0.7916551,0.80686283,0.7952727,0.79402703,0.7601167,0.8200223,0.8147668,0.7666615,0.78948,0.74413073,0.75004554,0.76762116,0.7394541,0.7760237,0.7370744,0.7647187,0.79462844,0.8142287,0.7983102,0.76552194,0.76929057,0.7845806,0.78193355,0.8031398,0.79171515,0.7262836,0.7664486,0.81123537,0.7737986,0.7569532,0.75958,0.7583989,0.77388346,0.74317896,0.72103345,0.7401675,0.7163768,0.7260381,0.80437464,0.82161224,0.79764605,0.77452254,0.75018,0.7847209,0.6913332,0.72470474,0.72822577,0.77570367,0.7933556,0.701935,0.7484652,0.722873,0.7199484,0.6955749,0.69169563,0.83644414,0.7368874
MM,0.7898235,0.78171444,0.8052472,0.7879195,0.79416823,0.7652011,0.7765304,0.80472076,0.7614242,0.7619046,0.75750935,0.73190385,0.74619436,0.7680868,0.7383274,0.76586103,0.7435688,0.7692288,0.7651583,0.7720163,0.77753055,0.79447025,0.7796858,0.7812728,0.78328365,0.7933075,0.79516023,0.73069274,0.7768471,0.7667527,0.75203264,0.78887457,0.79395056,0.7836114,0.75672984,0.7475278,0.7437258,0.76723874,0.73568803,0.75557405,0.78863245,0.79601187,0.7677897,0.7775996,0.77112675,0.78042144,0.79399574,0.76001143,0.8087146,0.7942041,0.7851089,0.8223448,0.77403903,0.80597204,0.7737896,0.8619935,0.8776135,0.83693767,0.8478571,0.8450303,1.0,0.8508925,0.84770244,0.7817731,0.79396564,0.75764567,0.75288993,0.74972034,0.73540896,0.7637304,0.76965,0.7611076,0.78794587,0.7376593,0.7656048,0.78608346,0.7652987,0.76606476,0.7841091,0.7717402,0.762671,0.78813857,0.70467544,0.77322006,0.7621486,0.7483406,0.7297828,0.7509083,0.7699892,0.8009527,0.75832266,0.77140206,0.75712115,0.77878815,0.76074284,0.74077225,0.79416156,0.7468308,0.7757522,0.7776054,0.7710956,0.80324197,0.7619618,0.756143,0.81055194,0.75249636,0.7855143,0.80981034,0.7855604,0.7653501,0.7722233,0.7806921,0.771921,0.7571954,0.78207684,0.7796566,0.7594105,0.74536204,0.7774451,0.7492353,0.7465353,0.74790114,0.73803324,0.72909194,0.76216614,0.745909,0.7475019,0.7709659,0.77098876,0.84401935,0.8086985,0.80212176,0.7352978,0.75062215,0.77664196,0.76785344,0.77041525,0.7418984,0.7647565,0.7582176,0.77188516,0.7388569,0.70774865,0.8419176,0.7583093
ST,0.7640356,0.76940995,0.76837933,0.75803983,0.762275,0.7496438,0.74333376,0.77360946,0.733389,0.7930505,0.78883237,0.7467398,0.73935604,0.75323963,0.687001,0.6984315,0.7250543,0.7378726,0.7384823,0.74895,0.7540982,0.75381124,0.7276898,0.7750149,0.7621296,0.7534952,0.7651819,0.7405175,0.7098869,0.7232325,0.7417735,0.74953747,0.7595798,0.7204114,0.7364462,0.7709514,0.7188623,0.74657387,0.7393098,0.7462398,0.739429,0.74535227,0.77663887,0.75215447,0.75440466,0.7612342,0.7577418,0.7218021,0.78213394,0.80428284,0.74490416,0.7708088,0.7477875,0.7446489,0.76205236,0.855768,0.8339648,0.8372294,0.81796044,0.8120589,0.8508925,0.9999999,0.81961113,0.7893862,0.7723264,0.77193063,0.75761974,0.7560776,0.7487415,0.7611314,0.7468572,0.7571445,0.73683906,0.7120299,0.7425489,0.7973453,0.7789364,0.7509172,0.7520022,0.7854934,0.75251955,0.76785123,0.69707614,0.73419034,0.783922,0.76562953,0.7612276,0.76313484,0.735917,0.76368797,0.77668417,0.80985636,0.74974465,0.7387959,0.7260429,0.7238076,0.76210475,0.72449964,0.737861,0.738115,0.7623379,0.75391334,0.7289172,0.7393102,0.76561415,0.7408087,0.75265044,0.7590347,0.7937942,0.7313085,0.7563482,0.81623775,0.77582604,0.7855027,0.797197,0.7765207,0.74179244,0.75721574,0.7391204,0.7254403,0.7684796,0.7178302,0.73461485,0.74097407,0.74756366,0.7031597,0.7381003,0.7277975,0.74705434,0.77675945,0.76910335,0.73856175,0.71009886,0.7534509,0.6764786,0.73747385,0.73648655,0.7245512,0.7722546,0.7362635,0.7479745,0.696768,0.7054,0.8194399,0.7104543
MP,0.76737887,0.7731344,0.7679371,0.7946919,0.7643342,0.7662792,0.77722204,0.788211,0.76785135,0.76474863,0.74449813,0.80161095,0.77062404,0.76140785,0.7330495,0.7259642,0.7738863,0.7644366,0.7540925,0.769336,0.7857289,0.76825094,0.76080394,0.785709,0.7602056,0.786398,0.78310615,0.6984563,0.7286687,0.72382474,0.72664213,0.74972516,0.7963034,0.74398065,0.7486176,0.7312566,0.7364882,0.7254247,0.7163534,0.7181427,0.7472322,0.80399084,0.778458,0.7711985,0.77634037,0.80891454,0.8186857,0.8173599,0.77995586,0.77453756,0.7733474,0.777368,0.7554454,0.72972834,0.80893785,0.847967,0.84555453,0.83221334,0.84311694,0.8772054,0.84770244,0.81961113,1.0,0.7640195,0.77864695,0.7772707,0.75435144,0.77769285,0.76486254,0.75457853,0.76245785,0.7721087,0.7523271,0.74119973,0.7551851,0.76652026,0.7443905,0.75117224,0.779252,0.7657466,0.75443,0.77054703,0.75073886,0.808542,0.7693578,0.767985,0.75714767,0.7747539,0.7762902,0.78281677,0.78598017,0.79700595,0.7464572,0.8247245,0.8071912,0.76705754,0.8025714,0.76025677,0.75523883,0.76586115,0.7516284,0.785082,0.75197685,0.7574338,0.77692276,0.79801273,0.7748891,0.76471716,0.76614517,0.79926884,0.757407,0.7860131,0.8015364,0.72837216,0.74911207,0.8563833,0.77683955,0.7519914,0.76722616,0.7639793,0.77003455,0.75775313,0.7348089,0.77780116,0.71799594,0.75274855,0.82920706,0.7643273,0.75864685,0.775645,0.7734791,0.79159856,0.69826066,0.7336457,0.73405695,0.77630043,0.7964899,0.70059144,0.73383147,0.72802293,0.74567217,0.7250599,0.71627563,0.82583237,0.7315066
OR,0.7505121,0.7598127,0.79069996,0.74062884,0.7469739,0.7446437,0.7356687,0.75435597,0.7612343,0.78261596,0.83218837,0.7332398,0.7392689,0.7304646,0.7350079,0.69495344,0.7581706,0.73045015,0.7331037,0.7509449,0.7741578,0.76097274,0.7329936,0.7683435,0.74341464,0.7240708,0.7504698,0.7615831,0.7449905,0.7342204,0.76508975,0.7863308,0.7966378,0.75749135,0.78400123,0.7895793,0.73588777,0.72288567,0.70563847,0.742242,0.79094017,0.814615,0.8444494,0.81253105,0.80589575,0.81867003,0.7854669,0.7882029,0.8271917,0.8664523,0.78269625,0.83545804,0.8438369,0.7645579,0.7804176,0.85625213,0.8945303,0.80418396,0.79698825,0.80355674,0.7817731,0.7893862,0.7640195,1.0,0.87058645,0.88466823,0.87638795,0.8655464,0.85366213,0.8233275,0.85830057,0.86428624,0.8574492,0.8027394,0.81331515,0.8365526,0.81371826,0.8073668,0.8040962,0.85147715,0.84286094,0.876078,0.74962056,0.77042013,0.85923386,0.83697015,0.8305697,0.858178,0.83649886,0.8376454,0.84167945,0.7850262,0.7608108,0.7626577,0.76508975,0.80010366,0.7575915,0.75548816,0.76324064,0.76223475,0.7653688,0.7911885,0.7544863,0.7456336,0.769434,0.7788517,0.8433538,0.75060385,0.8510627,0.75864524,0.8385824,0.83639646,0.7552561,0.799951,0.83914787,0.801012,0.814276,0.805056,0.7803261,0.78934264,0.81483424,0.77426434,0.7742502,0.78523713,0.7471435,0.74658555,0.7517669,0.74326575,0.7457415,0.7913937,0.7886288,0.7695638,0.6771685,0.7199492,0.71498686,0.77709234,0.77284914,0.7564247,0.7865474,0.7786153,0.7089371,0.69752556,0.7135596,0.84238076,0.72875166
OW,0.76754004,0.82892525,0.77631146,0.7770097,0.77216727,0.7570865,0.75188285,0.7862217,0.77837074,0.81169313,0.77935004,0.75402355,0.7519515,0.74481356,0.7425615,0.70102394,0.7590962,0.79508454,0.7351555,0.80307424,0.7862636,0.78360164,0.7668994,0.79682535,0.78246254,0.79284585,0.8315466,0.7722386,0.7400781,0.72147,0.75879335,0.77924407,0.8138796,0.7828318,0.75321823,0.7728298,0.75526744,0.7480563,0.71177185,0.729559,0.7830602,0.81950164,0.7990494,0.7913201,0.78747404,0.8149877,0.886703,0.7893154,0.80731994,0.83178407,0.7917671,0.8110389,0.8100478,0.76623154,0.8161397,0.84316504,0.8086512,0.8206916,0.78688955,0.7987411,0.79396564,0.7723264,0.77864695,0.87058645,1.0000002,0.8731668,0.87631494,0.8613538,0.8957039,0.8349116,0.8493118,0.87593585,0.8457575,0.8172384,0.78997034,0.86049795,0.81471497,0.80264556,0.8103717,0.81619954,0.8170264,0.80889577,0.7460995,0.7885111,0.825818,0.82708853,0.80291826,0.8317267,0.8392879,0.8368025,0.80835664,0.7813724,0.75224894,0.75816137,0.77270865,0.7763827,0.84482175,0.744015,0.7407032,0.7713034,0.7646451,0.7774249,0.7544966,0.73323166,0.75458753,0.75385857,0.76535445,0.7480767,0.83196324,0.797569,0.8260263,0.8314237,0.7612897,0.76297253,0.8366566,0.7904001,0.7782234,0.80442625,0.7831117,0.76562065,0.7674829,0.7810485,0.7408031,0.7486541,0.76044464,0.7208954,0.7398312,0.7412145,0.74713695,0.77188396,0.7630469,0.7814352,0.7020267,0.6985632,0.73767614,0.7640922,0.7542795,0.75745565,0.763397,0.75640714,0.6959544,0.6992293,0.72821355,0.8422709,0.7181598
OB,0.7384597,0.7429458,0.7322148,0.726708,0.7102985,0.7166545,0.7203861,0.7311746,0.7623936,0.7428032,0.758254,0.71663356,0.7286535,0.70843244,0.69556624,0.6755285,0.7220689,0.704569,0.7022021,0.7330218,0.7451164,0.7482066,0.7035038,0.7380782,0.7366919,0.7023708,0.73132795,0.7547291,0.7237459,0.7009134,0.7467202,0.78122973,0.7736757,0.7426812,0.7526205,0.7351482,0.7027584,0.6957143,0.7018349,0.7305111,0.76380634,0.8052802,0.8086547,0.8158857,0.7836083,0.7989186,0.8031981,0.7928144,0.8082395,0.8130742,0.77896637,0.7981421,0.8086766,0.7553055,0.78387547,0.8115574,0.82747424,0.81835985,0.80120796,0.8019091,0.75764567,0.77193063,0.7772707,0.88466823,0.8731668,1.0,0.8825376,0.8644873,0.8659554,0.8224962,0.8457404,0.8505642,0.82918715,0.81788063,0.7860275,0.7832243,0.7933056,0.78508794,0.78543305,0.8117522,0.83600694,0.82727206,0.7482192,0.76772165,0.8457965,0.8329971,0.82159436,0.82620525,0.8151754,0.82872117,0.8057492,0.7779741,0.7438688,0.7477358,0.76414233,0.7911619,0.7774716,0.75085896,0.76441944,0.78406197,0.7681844,0.7910881,0.7430403,0.73964036,0.7538464,0.78678334,0.7879725,0.7358981,0.79013705,0.7601652,0.8176887,0.80835056,0.7549327,0.7691622,0.809587,0.8078116,0.78190184,0.81163967,0.7793163,0.7827147,0.7781778,0.74163735,0.74885046,0.778388,0.74050146,0.72758716,0.7859051,0.72564894,0.73796535,0.7612572,0.7634486,0.7561008,0.691901,0.703976,0.7404371,0.7715179,0.7597596,0.7405978,0.76159805,0.7788337,0.7040156,0.70857036,0.74166477,0.8293959,0.71943486
OK,0.7510991,0.7286484,0.72942185,0.7193794,0.7343532,0.7214743,0.7196141,0.72955763,0.76213264,0.7347505,0.7737646,0.7323577,0.7349558,0.72863674,0.7304597,0.6961198,0.7655782,0.7127707,0.72268635,0.7422322,0.76371884,0.743097,0.70701283,0.72884744,0.7356813,0.70521736,0.7360726,0.74927986,0.7294874,0.69395983,0.75695074,0.76529205,0.78041106,0.7559345,0.7608633,0.7395174,0.71766716,0.71503127,0.69841266,0.7176807,0.77892864,0.78816164,0.7933404,0.7833134,0.7742178,0.78695786,0.77025336,0.80781424,0.79082483,0.7965122,0.78918695,0.8079293,0.81311405,0.7579008,0.77924716,0.80258906,0.8035943,0.78295016,0.7740435,0.7715709,0.75288993,0.75761974,0.75435144,0.87638795,0.87631494,0.8825376,1.0,0.8640469,0.86982536,0.8425839,0.866516,0.86259407,0.84003663,0.84745383,0.8150875,0.7808752,0.7845634,0.7970814,0.7758323,0.79534537,0.8148579,0.79876614,0.7251858,0.7582741,0.82972443,0.8143563,0.7919814,0.8177579,0.8471529,0.8086923,0.8152516,0.7713549,0.7558078,0.7431006,0.74746025,0.82380563,0.7480503,0.7366613,0.74735874,0.7927653,0.7418412,0.7678261,0.75386965,0.72390974,0.7357908,0.7766063,0.75528353,0.74323547,0.8012262,0.765209,0.81659055,0.7999246,0.74823743,0.7640324,0.83396983,0.7923472,0.7717222,0.8079467,0.7823482,0.7711837,0.7695834,0.74059755,0.75366354,0.8103076,0.75165,0.7360591,0.7740161,0.71288705,0.7257544,0.7502739,0.767006,0.75831664,0.67349094,0.70147574,0.71407014,0.76083446,0.7439324,0.741145,0.74372685,0.746755,0.7029524,0.7018979,0.73221684,0.81452835,0.7182335
OP,0.76121163,0.75396675,0.7558346,0.7615638,0.7516632,0.7619023,0.7535204,0.7620132,0.7747368,0.74094206,0.76838017,0.7642513,0.7758647,0.74273795,0.74636376,0.7138345,0.78168684,0.7591733,0.7326548,0.74468917,0.78783923,0.7551399,0.7343304,0.76478857,0.7367685,0.74547565,0.75100857,0.7368077,0.7285783,0.73150456,0.7510433,0.7643585,0.7947043,0.7556899,0.7616881,0.7359842,0.73361087,0.7330686,0.7085863,0.6962445,0.7731468,0.7949501,0.78118294,0.8100971,0.810061,0.821741,0.800527,0.79917693,0.78917515,0.79304636,0.77376854,0.7922101,0.83041596,0.7479005,0.76631314,0.7953345,0.80456007,0.80081654,0.7927671,0.78765017,0.74972034,0.7560776,0.77769285,0.8655464,0.8613538,0.8644873,0.8640469,1.0000001,0.8941931,0.8595383,0.8942364,0.8704854,0.8489501,0.83333015,0.78456104,0.7662807,0.7866671,0.8084564,0.7838298,0.81001246,0.8093734,0.7832197,0.7388171,0.7735883,0.8342106,0.83143234,0.84288603,0.8583398,0.82000065,0.7983333,0.80896723,0.82465076,0.76050436,0.7841085,0.7824501,0.8274862,0.7860659,0.7620097,0.76174855,0.77592427,0.76993024,0.80067307,0.75406384,0.7542824,0.74039495,0.77717626,0.76543415,0.7321057,0.7985102,0.786861,0.83678365,0.8072034,0.75355786,0.7653316,0.83046514,0.83223975,0.80419636,0.7949923,0.79390967,0.7895058,0.77877903,0.7979063,0.7618104,0.81322426,0.7706835,0.7350585,0.7711269,0.7362927,0.71563774,0.7614399,0.7535266,0.7518195,0.7082194,0.7082562,0.7419162,0.7811155,0.7664554,0.7760747,0.74329287,0.75345886,0.7087207,0.7111753,0.756401,0.81974196,0.7321322
OS,0.7257383,0.7637616,0.71893746,0.71902215,0.7226373,0.7364081,0.7131101,0.731458,0.75224245,0.7511598,0.7441323,0.74144226,0.72567827,0.71131283,0.7211951,0.6756601,0.7561984,0.74923164,0.71368134,0.7614744,0.7556252,0.7349821,0.7087569,0.746836,0.7216113,0.7196617,0.77124554,0.7724198,0.70861316,0.7124976,0.7481802,0.75862086,0.782504,0.7495036,0.75039464,0.73683333,0.73846567,0.71464294,0.6859286,0.683617,0.7644279,0.7842023,0.7641314,0.79160714,0.79711115,0.8147909,0.82108146,0.7873646,0.7758378,0.7970823,0.77540046,0.7836962,0.83609575,0.7419038,0.78565955,0.7977903,0.8114788,0.8226342,0.76737714,0.763677,0.73540896,0.7487415,0.76486254,0.85366213,0.8957039,0.8659554,0.86982536,0.8941931,1.0000004,0.8431782,0.8415887,0.87402666,0.834719,0.8156914,0.79569215,0.79583746,0.769248,0.7955332,0.79241264,0.8107468,0.80297667,0.76962566,0.71431994,0.7736367,0.828717,0.8078666,0.8419011,0.8355976,0.8257997,0.81017923,0.77905446,0.7554474,0.73926413,0.75160253,0.76931083,0.8318594,0.81432354,0.7326379,0.7390363,0.78336954,0.76499784,0.79187834,0.77388245,0.7477736,0.7559482,0.78208196,0.7624125,0.7190209,0.7937228,0.78086776,0.81449777,0.8142715,0.76597583,0.7523356,0.82352054,0.8268881,0.78085023,0.7853453,0.7785732,0.7910062,0.7661899,0.77405524,0.7559333,0.8155048,0.7777855,0.7388319,0.75162023,0.7311039,0.7362505,0.75021183,0.73748523,0.7528079,0.69916826,0.6763915,0.7176521,0.77478725,0.73784983,0.75619775,0.72563756,0.75515634,0.7171185,0.71734184,0.77718693,0.80368435,0.7177388
OC,0.70615315,0.72246957,0.71291214,0.6998388,0.7242521,0.71893376,0.71712685,0.7080533,0.7400681,0.72462213,0.7368596,0.71024513,0.73012555,0.7184796,0.70208466,0.7203594,0.73716056,0.7314548,0.7193276,0.7343817,0.7290994,0.70246243,0.7025964,0.7149926,0.7064239,0.7007688,0.7292818,0.7555919,0.7255354,0.73326355,0.7874638,0.73738086,0.7733921,0.777055,0.7327565,0.72659,0.72177005,0.7287123,0.6895344,0.6812961,0.7424327,0.7634394,0.76291054,0.75010717,0.77707404,0.77808976,0.7721083,0.7546175,0.775799,0.8000792,0.761482,0.7849406,0.7851578,0.7512564,0.75465316,0.7873647,0.7907498,0.78654504,0.76621175,0.78279483,0.7637304,0.7611314,0.75457853,0.8233275,0.8349116,0.8224962,0.8425839,0.8595383,0.8431782,0.9999999,0.8443768,0.8546709,0.85191834,0.78885746,0.7518674,0.77006614,0.75692123,0.8131575,0.76678765,0.7821781,0.800034,0.75327396,0.691766,0.76654637,0.8169831,0.8100651,0.81518066,0.81970125,0.81187415,0.81997955,0.75721467,0.7625704,0.7359701,0.7335463,0.76072544,0.7601463,0.7381712,0.7082506,0.716605,0.73773044,0.71375626,0.7336254,0.7194844,0.71410483,0.7350057,0.72716796,0.73847663,0.7291898,0.7662883,0.7350588,0.82379925,0.79835325,0.75281936,0.7485165,0.8091741,0.80842996,0.7783949,0.7934259,0.7700311,0.7769586,0.75183296,0.78850454,0.76036394,0.77290946,0.76653504,0.7219942,0.7456269,0.73276055,0.72515893,0.74197733,0.7372863,0.7491839,0.695703,0.7291069,0.71521765,0.76736456,0.72954637,0.74835265,0.737388,0.71956164,0.70558196,0.72406983,0.7651044,0.7850048,0.7134552
OE,0.74872756,0.7397842,0.7535314,0.7546918,0.7554735,0.75403535,0.74720246,0.7572781,0.78427166,0.746405,0.7707484,0.76188976,0.7694299,0.74297005,0.7621188,0.7099558,0.79307413,0.7486095,0.7396896,0.7666471,0.7862201,0.76591873,0.7228713,0.7538969,0.76200795,0.7382884,0.7600678,0.75046426,0.7461621,0.73292005,0.74759436,0.76122606,0.80794114,0.78247994,0.77059436,0.75368726,0.74693453,0.74689704,0.7134096,0.70798945,0.79414797,0.78699684,0.79175913,0.7917447,0.7815784,0.79537153,0.7856356,0.8031243,0.7832539,0.8014409,0.7929908,0.7953137,0.8010098,0.75967056,0.77385545,0.77319396,0.79168236,0.76786083,0.7601867,0.786735,0.76965,0.7468572,0.76245785,0.85830057,0.8493118,0.8457404,0.866516,0.8942364,0.8415887,0.8443768,0.99999976,0.85601044,0.85006607,0.8486006,0.79793054,0.77380615,0.77037007,0.8019044,0.78956604,0.776723,0.8038978,0.786029,0.7508458,0.7713025,0.82539135,0.8011503,0.7981661,0.8179178,0.80391335,0.7822708,0.7751788,0.7985071,0.7305775,0.75269175,0.74759007,0.8034638,0.7648021,0.75909877,0.7596637,0.7698958,0.7642369,0.78079706,0.754789,0.7462757,0.7449444,0.77487874,0.7620931,0.7605857,0.76618373,0.75275385,0.8198608,0.79248166,0.768004,0.7363726,0.78633213,0.7945023,0.79124945,0.7867547,0.8104265,0.7738548,0.7366804,0.73876274,0.77818465,0.79007053,0.74470645,0.745998,0.7529342,0.7348884,0.73025125,0.77031076,0.7723819,0.7681421,0.70043015,0.7031304,0.75181484,0.75050914,0.75204116,0.73891354,0.74031264,0.73839307,0.71286833,0.713318,0.7367498,0.819785,0.7399339
OX,0.73881805,0.77725893,0.76779515,0.7514845,0.76037633,0.7501861,0.75074494,0.76656866,0.7897179,0.7609841,0.79028326,0.75430286,0.78150415,0.75396013,0.7776237,0.72893333,0.77236116,0.7715253,0.7326175,0.7772756,0.793808,0.7500307,0.7395018,0.7605252,0.73929024,0.74708366,0.78406215,0.76355946,0.7347485,0.71698964,0.76318884,0.74178904,0.7909038,0.7716168,0.7473629,0.76576924,0.7600207,0.7443984,0.67997736,0.6860288,0.7944486,0.79704106,0.78525215,0.76451844,0.78456247,0.8171213,0.80222464,0.7856697,0.782439,0.8067985,0.7654324,0.78858465,0.78913164,0.74367595,0.76586837,0.81503654,0.81588876,0.79229325,0.7532987,0.78550893,0.7611076,0.7571445,0.7721087,0.86428624,0.87593585,0.8505642,0.86259407,0.8704854,0.87402666,0.8546709,0.85601044,1.0,0.862615,0.8351836,0.77756065,0.8099605,0.8003319,0.83605576,0.8087493,0.79849076,0.7986076,0.7911858,0.75595105,0.7758968,0.8577421,0.843265,0.8215967,0.85489607,0.81661975,0.81433356,0.8086177,0.80140483,0.76796395,0.7964679,0.799448,0.7961021,0.78917134,0.7641554,0.74472225,0.76365465,0.764748,0.78622186,0.7584387,0.75870806,0.73367393,0.75234914,0.7589365,0.72610074,0.81522435,0.79527795,0.8420546,0.8161632,0.7767477,0.7643965,0.8335185,0.82463205,0.7812521,0.7951623,0.7881955,0.79044825,0.7655999,0.7767707,0.77306056,0.7984172,0.7792586,0.7731779,0.7603624,0.7583327,0.7444642,0.7548446,0.7490144,0.79085636,0.6974295,0.71009946,0.7454289,0.8134037,0.77503014,0.7504541,0.7336942,0.73972857,0.6987871,0.69494337,0.7433542,0.82640696,0.72787553
OY,0.73598075,0.75610584,0.7528908,0.73541623,0.7607067,0.7563746,0.74875265,0.7532587,0.7687707,0.7388265,0.7658756,0.73326087,0.763425,0.75892156,0.7768624,0.747242,0.7592954,0.7847619,0.7614974,0.75712883,0.7775236,0.76635087,0.7531303,0.7500496,0.75366235,0.73761606,0.777006,0.7398983,0.73277193,0.7127918,0.76613426,0.7375631,0.78626174,0.7905356,0.73455507,0.74393845,0.7516209,0.7538562,0.6905361,0.6926795,0.77720493,0.799253,0.79034793,0.7916866,0.7879941,0.81165236,0.8056623,0.7776059,0.7966942,0.7962562,0.7882314,0.8399467,0.80830675,0.7749622,0.75189406,0.7841214,0.81475747,0.7656022,0.75949067,0.75957906,0.78794587,0.73683906,0.7523271,0.8574492,0.8457575,0.82918715,0.84003663,0.8489501,0.834719,0.85191834,0.85006607,0.862615,0.9999998,0.809989,0.7973552,0.8095522,0.7891942,0.8279383,0.81827354,0.7853995,0.8083143,0.7747353,0.7348836,0.77605027,0.81530523,0.80512136,0.8188014,0.8307169,0.7963321,0.7902552,0.781459,0.76120883,0.7386192,0.7461681,0.7574312,0.79018646,0.77985376,0.74687034,0.76353323,0.7638109,0.76364726,0.7733802,0.7305776,0.7604365,0.7262997,0.74836504,0.7586992,0.7610258,0.8082341,0.77865434,0.87776595,0.79600513,0.7657217,0.75655305,0.7850947,0.7911226,0.7878958,0.7888974,0.7949752,0.7783679,0.7477,0.79282296,0.77734935,0.78852046,0.7697623,0.762198,0.7546045,0.74389005,0.7480629,0.79839075,0.7907558,0.78071105,0.70765483,0.72248137,0.74465805,0.7571004,0.7487247,0.7601142,0.7381227,0.73136294,0.7398551,0.7044349,0.7140159,0.81638783,0.7174808
OL,0.72549605,0.7358676,0.75500405,0.74901044,0.7232866,0.74669254,0.75835955,0.7524642,0.77301466,0.69975823,0.7449778,0.7382703,0.76583517,0.7446991,0.76281595,0.71749055,0.768745,0.74536324,0.71103835,0.74700934,0.7649668,0.76315916,0.7308929,0.7390623,0.7375557,0.7339288,0.75120366,0.7025679,0.72452074,0.7158694,0.7498013,0.7436359,0.7853676,0.7765636,0.75542855,0.70463943,0.73052526,0.71347713,0.71180844,0.71921897,0.7754799,0.75387764,0.7342429,0.74122906,0.72137773,0.74044704,0.7459295,0.7569629,0.77586967,0.7594663,0.7923283,0.77410233,0.7765323,0.7632327,0.7518593,0.72509897,0.7380722,0.7189398,0.7164798,0.7349391,0.7376593,0.7120299,0.74119973,0.8027394,0.8172384,0.81788063,0.84745383,0.83333015,0.8156914,0.78885746,0.8486006,0.8351836,0.809989,0.9999998,0.7843927,0.7508933,0.7612816,0.7973491,0.7907555,0.71811295,0.77108854,0.7312384,0.72220194,0.75384086,0.7748089,0.754791,0.73632026,0.76327676,0.7642633,0.7524833,0.73906755,0.77958363,0.76566947,0.7592501,0.74126464,0.78902346,0.7632811,0.7394075,0.76752776,0.78710485,0.7739168,0.785514,0.7755232,0.75871384,0.76191586,0.74384105,0.7357574,0.7791375,0.7282993,0.73629177,0.78434104,0.7556328,0.7629864,0.73362565,0.75436544,0.7615708,0.75013065,0.768134,0.77876407,0.7523624,0.72660303,0.7258056,0.77867913,0.7577522,0.755295,0.77524376,0.76198494,0.7398182,0.72945803,0.7554548,0.7811378,0.7612591,0.7094641,0.7073822,0.773546,0.7624234,0.76195836,0.73188287,0.7298418,0.753322,0.7523304,0.7411632,0.72612745,0.7909757,0.7290924
AB,0.80087173,0.7587882,0.7621366,0.7603371,0.7567099,0.7679517,0.7559205,0.7749215,0.78063107,0.75058746,0.78893536,0.7598455,0.76463616,0.76854354,0.76965547,0.7158342,0.8195638,0.74330914,0.77077335,0.75025403,0.7915274,0.8130909,0.75711894,0.77722734,0.7601163,0.77251774,0.77466166,0.71586204,0.70812917,0.7282033,0.7343349,0.79293686,0.78414893,0.76837486,0.7959953,0.7542881,0.76121503,0.73958755,0.7370806,0.75694823,0.79270434,0.81149554,0.7778234,0.81715137,0.76926726,0.7921052,0.7837044,0.83667696,0.79578,0.79805905,0.7963377,0.8102903,0.8624626,0.7680409,0.7621745,0.788204,0.8172504,0.7961833,0.78364426,0.7665827,0.7656048,0.7425489,0.7551851,0.81331515,0.78997034,0.7860275,0.8150875,0.78456104,0.79569215,0.7518674,0.79793054,0.77756065,0.7973552,0.7843927,1.0,0.87609446,0.8792875,0.87911373,0.92264146,0.7669576,0.7666714,0.7898027,0.74962556,0.74941444,0.7948292,0.76015437,0.77523553,0.7795558,0.8470877,0.7929945,0.784651,0.7683544,0.74139625,0.74073994,0.72834384,0.8693054,0.75923175,0.7386614,0.7596047,0.7891143,0.7568094,0.7848847,0.7749722,0.8048754,0.7912526,0.79695493,0.7828208,0.7639657,0.78127265,0.7527153,0.8101695,0.7836206,0.7489754,0.7479252,0.7654172,0.785759,0.7447943,0.77829677,0.7745734,0.77110934,0.74426687,0.7396015,0.75026095,0.79777026,0.75334334,0.73841894,0.7808377,0.7518395,0.78538436,0.79700243,0.7936668,0.77842534,0.70102763,0.71343976,0.7382155,0.7354306,0.7266276,0.7436615,0.77296054,0.7624017,0.73702615,0.7390138,0.73651314,0.81274533,0.7260375
AW,0.7437359,0.80538887,0.76733637,0.7537644,0.7696467,0.7532105,0.7502984,0.7798289,0.776258,0.82700974,0.80851924,0.7436701,0.76206994,0.7744476,0.7492625,0.726001,0.75647444,0.7928307,0.76310205,0.8124697,0.78318906,0.790317,0.7551632,0.78998697,0.767688,0.78325796,0.81770754,0.7654435,0.7033832,0.74143755,0.7648514,0.7592541,0.7920828,0.7914609,0.7734906,0.7867718,0.74343663,0.7443406,0.7058481,0.7533996,0.7835432,0.83124727,0.83209074,0.8047123,0.7917057,0.8203238,0.8391197,0.76486653,0.79578793,0.84627837,0.7857019,0.80402386,0.7860162,0.77394474,0.79438657,0.85406435,0.8150443,0.80273896,0.77761656,0.7845117,0.78608346,0.7973453,0.76652026,0.8365526,0.86049795,0.7832243,0.7808752,0.7662807,0.79583746,0.77006614,0.77380615,0.8099605,0.8095522,0.7508933,0.87609446,1.0,0.9104322,0.885788,0.9147758,0.8457146,0.78459924,0.7983353,0.75926536,0.7617621,0.8074899,0.7926069,0.7864917,0.79991055,0.79117006,0.80894125,0.79394555,0.7767291,0.76543635,0.73926055,0.75955623,0.74651664,0.793919,0.7431059,0.7367649,0.74582905,0.75114846,0.7498839,0.74147826,0.78426594,0.7712965,0.765273,0.7875391,0.77473766,0.85140795,0.7725977,0.84543186,0.845543,0.74408984,0.7837438,0.79177886,0.8015193,0.7502599,0.78833914,0.79065853,0.76895374,0.76720065,0.7680752,0.76204216,0.7390237,0.7725404,0.7036408,0.7296525,0.7505431,0.786378,0.8476891,0.797516,0.8051664,0.7034518,0.74472827,0.7343912,0.76669633,0.7623616,0.749798,0.793789,0.74149686,0.69644535,0.70776796,0.7185631,0.83841705,0.7031877
AX,0.7400328,0.7769745,0.7548951,0.74959147,0.7592076,0.7517415,0.7625736,0.77224666,0.76566154,0.7792833,0.7876301,0.7456326,0.76545584,0.74931717,0.7504033,0.7289073,0.75617015,0.7502954,0.76282275,0.7630185,0.7754458,0.7668233,0.7398011,0.77688575,0.7546146,0.76855594,0.77068007,0.72900385,0.7066773,0.72028065,0.7682885,0.75588953,0.788515,0.78221524,0.7617943,0.76627153,0.7454249,0.7408552,0.74243647,0.7561062,0.7745205,0.80660313,0.80371255,0.81836724,0.80542946,0.81185156,0.8139345,0.77304006,0.79667294,0.8084803,0.76634336,0.78642464,0.80886656,0.7892759,0.7561798,0.79499596,0.79424167,0.80489063,0.7838042,0.7566448,0.7652987,0.7789364,0.7443905,0.81371826,0.81471497,0.7933056,0.7845634,0.7866671,0.769248,0.75692123,0.77037007,0.8003319,0.7891942,0.7612816,0.8792875,0.9104322,0.99999994,0.8768437,0.90907896,0.80674046,0.7852834,0.8154576,0.7415384,0.7489786,0.81851476,0.80008554,0.7916664,0.7918689,0.7903009,0.8079763,0.77971065,0.79394346,0.76970375,0.75978255,0.7521596,0.7670496,0.7908466,0.7645559,0.7626504,0.7574958,0.75718904,0.76592547,0.74665815,0.82043236,0.76606673,0.7729515,0.7846851,0.7666619,0.7989565,0.7664544,0.81807333,0.7935148,0.73855203,0.7676108,0.798785,0.81112313,0.74625576,0.82006395,0.77760637,0.7746429,0.7617466,0.75635767,0.7615417,0.73430806,0.75142443,0.7094275,0.72907037,0.74043626,0.7802693,0.80215883,0.78331846,0.8069384,0.7047988,0.7459551,0.72811425,0.7491807,0.73768693,0.73727024,0.7770469,0.7427918,0.72244966,0.7179093,0.73236835,0.80942804,0.6922854
AH,0.7486879,0.74717194,0.756925,0.7395294,0.7438382,0.7556571,0.78381336,0.76053387,0.76525027,0.74611205,0.76354134,0.728446,0.777743,0.7640358,0.7558501,0.73306334,0.76370335,0.7632176,0.75648737,0.76032007,0.7724608,0.77941716,0.7438611,0.76042056,0.73904335,0.74762845,0.767091,0.72380126,0.7266119,0.7316095,0.7860784,0.74097514,0.76628935,0.7798602,0.7567905,0.7339685,0.7373869,0.74263597,0.7092517,0.72488844,0.7628222,0.81341505,0.78905666,0.8062674,0.7753198,0.8029666,0.78735733,0.77391195,0.79143244,0.792984,0.7801739,0.7925658,0.7911866,0.7635263,0.7509386,0.79371506,0.78512573,0.79364187,0.757212,0.7652815,0.76606476,0.7509172,0.75117224,0.8073668,0.80264556,0.78508794,0.7970814,0.8084564,0.7955332,0.8131575,0.8019044,0.83605576,0.8279383,0.7973491,0.87911373,0.885788,0.8768437,0.99999994,0.91021574,0.7581272,0.7605753,0.76879925,0.7291403,0.73935944,0.8120819,0.7847648,0.7869339,0.80695385,0.8013225,0.8060439,0.78344834,0.7801781,0.7643488,0.76035523,0.7471267,0.7649256,0.73464507,0.73209655,0.72830623,0.7393218,0.71962714,0.73408234,0.7286151,0.774037,0.74776554,0.76150036,0.7638935,0.7660666,0.80901337,0.76569873,0.8415012,0.7933211,0.7581238,0.7566011,0.81245553,0.8089228,0.7636476,0.7853102,0.7983552,0.8019804,0.7676922,0.770903,0.77228045,0.76102185,0.7671108,0.734902,0.7584599,0.7559861,0.77201074,0.7916961,0.7883747,0.7960856,0.7271782,0.7427614,0.7566088,0.77302045,0.75859797,0.75703347,0.7573907,0.7283769,0.71296287,0.7084795,0.7431867,0.80193484,0.7089647
AM,0.76123935,0.77973413,0.7826863,0.7849563,0.7724947,0.77055705,0.7778231,0.80959404,0.7891433,0.76736236,0.7877941,0.7715832,0.7939394,0.77887374,0.7956921,0.7505519,0.7783801,0.78297687,0.79245055,0.7834505,0.8224219,0.8257183,0.7885071,0.80968374,0.7765094,0.79998535,0.80824894,0.70790905,0.7120031,0.7361543,0.778481,0.7673126,0.8121556,0.80299634,0.79105484,0.7468827,0.75897557,0.7448561,0.7385005,0.7543117,0.81554455,0.83653367,0.79646945,0.8254818,0.7766082,0.81827813,0.8261644,0.78199226,0.7957441,0.79975456,0.80096114,0.81471276,0.7954636,0.77008885,0.7765941,0.7926647,0.8123057,0.80387574,0.76894087,0.7799962,0.7841091,0.7520022,0.779252,0.8040962,0.8103717,0.78543305,0.7758323,0.7838298,0.79241264,0.76678765,0.78956604,0.8087493,0.81827354,0.7907555,0.92264146,0.9147758,0.90907896,0.91021574,0.9999999,0.78721005,0.7763562,0.7973322,0.7701106,0.7889068,0.79653186,0.7619273,0.7753327,0.7820903,0.78584975,0.80073255,0.7658226,0.8006574,0.765894,0.7783445,0.79013145,0.7871224,0.7932639,0.755331,0.76280993,0.7854314,0.7652431,0.80170965,0.781208,0.8268099,0.78999126,0.7875507,0.80636346,0.782043,0.8024838,0.7987363,0.8414636,0.7965527,0.7769628,0.7460068,0.76042885,0.8006403,0.77098686,0.7948463,0.8144191,0.7895586,0.7675735,0.7749386,0.7706948,0.7651972,0.7723318,0.76025695,0.7715472,0.7610421,0.80403924,0.8212997,0.79880154,0.8187415,0.71545714,0.74434346,0.787827,0.76304746,0.78250194,0.76290214,0.7681755,0.7523761,0.74364114,0.73317903,0.74635863,0.84165967,0.7517856
EA,0.7343811,0.75257707,0.73766613,0.74367946,0.7646884,0.7386833,0.72856706,0.7558751,0.73344994,0.79809356,0.78889406,0.7241042,0.71338075,0.73007655,0.71107197,0.6914002,0.7223588,0.7147454,0.7354605,0.75199485,0.75523305,0.7580199,0.71284956,0.76246977,0.7447757,0.73548007,0.7403325,0.76035446,0.697823,0.7293025,0.7228565,0.77641976,0.80022854,0.7569714,0.77389354,0.791983,0.7250643,0.725398,0.6722122,0.70516527,0.7667457,0.8018217,0.81420076,0.83365095,0.8407287,0.8264914,0.7957751,0.7555226,0.77905744,0.8406098,0.75960183,0.7969741,0.82154924,0.77649933,0.7739423,0.8499308,0.8315504,0.83129114,0.8074704,0.79043573,0.7717402,0.7854934,0.7657466,0.85147715,0.81619954,0.8117522,0.79534537,0.81001246,0.8107468,0.7821781,0.776723,0.79849076,0.7853995,0.71811295,0.7669576,0.8457146,0.80674046,0.7581272,0.78721005,0.99999994,0.8596267,0.865072,0.8064008,0.8329191,0.79706144,0.8024679,0.82808673,0.7939311,0.7818912,0.8063359,0.8013021,0.7440233,0.7387988,0.7286583,0.7514811,0.78116703,0.78595436,0.753209,0.74683774,0.7520294,0.7731633,0.7930155,0.74322486,0.7509062,0.7873785,0.816961,0.8113207,0.7448575,0.84333944,0.7896385,0.8158711,0.8570334,0.7413731,0.7911229,0.8097587,0.8205035,0.79114026,0.7829951,0.749114,0.74900115,0.77559596,0.7859327,0.7362539,0.7908189,0.746632,0.67842144,0.71798855,0.7205861,0.7517556,0.812099,0.7357746,0.7678914,0.70252436,0.7229609,0.6946332,0.77091324,0.764899,0.7200261,0.7502106,0.72352254,0.67717147,0.68291456,0.72123814,0.84112525,0.68851036
ER,0.7078067,0.7204217,0.73445547,0.7166866,0.725297,0.7140782,0.68720293,0.72167575,0.7298913,0.7326317,0.74856913,0.7016177,0.72112286,0.69798696,0.69058096,0.6838695,0.7138356,0.710293,0.71071404,0.73019373,0.725213,0.712657,0.68564934,0.72014874,0.7129425,0.68147916,0.714787,0.774735,0.7233882,0.7114165,0.7336037,0.7560847,0.7584251,0.7339574,0.71911824,0.7585448,0.717436,0.71959305,0.67642003,0.7045352,0.7360398,0.79151785,0.7849785,0.7735466,0.8043495,0.7783852,0.76979864,0.7567024,0.76638067,0.78775907,0.7421602,0.79080296,0.77735573,0.73977476,0.7378539,0.7957078,0.8112999,0.776236,0.75762093,0.77047694,0.762671,0.75251955,0.75443,0.84286094,0.8170264,0.83600694,0.8148579,0.8093734,0.80297667,0.800034,0.8038978,0.7986076,0.8083143,0.77108854,0.7666714,0.78459924,0.7852834,0.7605753,0.7763562,0.8596267,0.9999999,0.8680037,0.7715399,0.8070034,0.81546575,0.7976975,0.78788364,0.79347396,0.78724194,0.80707973,0.7843216,0.7454742,0.74362147,0.7240108,0.75257397,0.7684215,0.7508358,0.7396926,0.7458901,0.75600845,0.75633436,0.7624022,0.74835485,0.73977673,0.73946,0.75465596,0.76537824,0.72942126,0.78130317,0.7516414,0.811569,0.7971089,0.7380299,0.76866317,0.7999282,0.78180635,0.7955611,0.7778981,0.7520418,0.73142254,0.73740375,0.75631815,0.7370453,0.7715432,0.75420326,0.7129406,0.725969,0.7358163,0.71775657,0.7603761,0.75920355,0.7378644,0.70031285,0.69776624,0.6967775,0.7446582,0.72116053,0.6993394,0.7363646,0.7275771,0.68645287,0.68898463,0.7019931,0.80819803,0.69692504
ES,0.7448143,0.75598824,0.77355766,0.7494693,0.75698483,0.7333004,0.7442787,0.75734925,0.7354917,0.74988604,0.76225364,0.7102225,0.7217877,0.7180399,0.7220593,0.7160679,0.7335917,0.70702183,0.7398388,0.7443998,0.74816585,0.7692121,0.7274498,0.74616444,0.74805754,0.7378726,0.7380688,0.7150937,0.7057802,0.7243619,0.7154288,0.7780676,0.7844249,0.73671424,0.7462584,0.7515518,0.7207763,0.7260133,0.7041848,0.71882015,0.76422316,0.82925534,0.8028523,0.8178479,0.7916328,0.78888464,0.78636086,0.7818327,0.8098781,0.81779385,0.7809387,0.8273001,0.8142547,0.7724643,0.7814333,0.8203838,0.85787433,0.8097987,0.78549635,0.7874096,0.78813857,0.76785123,0.77054703,0.876078,0.80889577,0.82727206,0.79876614,0.7832197,0.76962566,0.75327396,0.786029,0.7911858,0.7747353,0.7312384,0.7898027,0.7983353,0.8154576,0.76879925,0.7973322,0.865072,0.8680037,1.0000001,0.7955965,0.8344798,0.8041038,0.7883981,0.7730552,0.79570377,0.7926763,0.8220781,0.7928588,0.7713023,0.757813,0.75456595,0.76568586,0.7543115,0.751673,0.73264563,0.7450653,0.73944575,0.7587365,0.7642062,0.7357315,0.7401877,0.7956577,0.7817433,0.8337852,0.75894177,0.78948545,0.76317525,0.7881175,0.7724328,0.7256324,0.76948893,0.8107255,0.7745532,0.80096966,0.7874072,0.7630063,0.7484429,0.7522852,0.7587075,0.73354685,0.76110476,0.73887295,0.73352593,0.7171835,0.73480487,0.74818426,0.77376956,0.7732155,0.7765367,0.7014569,0.71350974,0.69528174,0.77242756,0.75845313,0.71628773,0.73480666,0.7311976,0.70210266,0.68701535,0.6862369,0.8214129,0.70835525
EU,0.7194952,0.7320012,0.7186333,0.7609625,0.7460103,0.7216079,0.7275,0.7431341,0.7226356,0.7397723,0.71461326,0.75617415,0.73230517,0.72800946,0.72847724,0.7059952,0.7598471,0.72333235,0.7309205,0.74934417,0.7458627,0.7448872,0.70089775,0.7195948,0.7333444,0.72765684,0.72928274,0.6909012,0.6644863,0.6973137,0.67454445,0.7257198,0.80279297,0.73466563,0.77948606,0.7085302,0.7086959,0.70877004,0.6847139,0.6809107,0.7451269,0.75571156,0.7386606,0.755973,0.7210207,0.7670245,0.79972214,0.76028454,0.7461101,0.738773,0.7583061,0.7340841,0.73539567,0.70742655,0.77559894,0.73387516,0.7395187,0.71918094,0.7326902,0.76635313,0.70467544,0.69707614,0.75073886,0.74962056,0.7460995,0.7482192,0.7251858,0.7388171,0.71431994,0.691766,0.7508458,0.75595105,0.7348836,0.72220194,0.74962556,0.75926536,0.7415384,0.7291403,0.7701106,0.8064008,0.7715399,0.7955965,1.0000001,0.8294676,0.717387,0.71789265,0.73254246,0.74537367,0.737158,0.7370767,0.73456717,0.7476613,0.72701323,0.75335675,0.75559485,0.7300618,0.74807054,0.70241106,0.71178305,0.71659875,0.73588777,0.7252128,0.7333931,0.7249167,0.7260228,0.76699805,0.74436235,0.715809,0.7333836,0.78849435,0.7523258,0.7214171,0.7476022,0.68855464,0.6945662,0.7157341,0.75441885,0.73876905,0.6907242,0.69436044,0.7116726,0.74801207,0.7139033,0.73262167,0.7151909,0.6997322,0.7299947,0.7379732,0.73247325,0.74840945,0.7168182,0.7733476,0.6813213,0.68825376,0.7008992,0.7189422,0.7784525,0.67885274,0.6985137,0.6892971,0.6923428,0.67289424,0.6882941,0.7565522,0.69803154
EX,0.7340399,0.7845969,0.7510965,0.7899789,0.76750094,0.75378054,0.76079524,0.77128696,0.7185981,0.74008554,0.72260416,0.75450647,0.7344048,0.7286969,0.72788936,0.74596065,0.7754792,0.74342036,0.7431067,0.76620173,0.74548435,0.76876605,0.72764134,0.7643779,0.74724215,0.7513405,0.7601037,0.7124615,0.71224874,0.71525276,0.7188052,0.73807585,0.8148973,0.771826,0.7335299,0.7322418,0.74228454,0.7387463,0.69319046,0.69151676,0.7618215,0.7894647,0.7713357,0.7595193,0.75525576,0.78591865,0.8133193,0.80700564,0.76269877,0.76768905,0.7724282,0.80102706,0.76258725,0.7522572,0.8121958,0.786288,0.77515316,0.7611869,0.74700123,0.7927779,0.77322006,0.73419034,0.808542,0.77042013,0.7885111,0.76772165,0.7582741,0.7735883,0.7736367,0.76654637,0.7713025,0.7758968,0.77605027,0.75384086,0.74941444,0.7617621,0.7489786,0.73935944,0.7889068,0.8329191,0.8070034,0.8344798,0.8294676,1.0000002,0.75660396,0.75864846,0.7477561,0.80661213,0.7540289,0.757398,0.7503897,0.7608394,0.7441504,0.7760786,0.80614966,0.75608134,0.77871513,0.7176932,0.7174399,0.7557711,0.7410695,0.7560582,0.72578204,0.73613703,0.7764814,0.8164669,0.77018976,0.7676523,0.78141356,0.8494965,0.77641493,0.7623807,0.7832602,0.74424857,0.7443436,0.7658281,0.78377837,0.77014154,0.7572165,0.7535871,0.7463248,0.78660727,0.7312451,0.7805706,0.74101734,0.7379925,0.73496485,0.756426,0.76192284,0.7544322,0.74452955,0.80136883,0.7029562,0.70607,0.728402,0.76331115,0.7997724,0.7094085,0.70087075,0.70792115,0.74903715,0.7250886,0.71049994,0.8034276,0.74015987
HB,0.7503327,0.7503798,0.7610065,0.7355182,0.7396413,0.74981713,0.7430905,0.7580569,0.7816511,0.7541569,0.8100389,0.7345988,0.7799757,0.7545061,0.7337933,0.6996529,0.7487295,0.7309164,0.7336224,0.73992264,0.76526135,0.7313224,0.7142118,0.7561615,0.7262409,0.7205917,0.74402994,0.7804748,0.7525846,0.73589766,0.76496804,0.7580873,0.76255804,0.7569256,0.7607158,0.769721,0.7304435,0.71234906,0.7124189,0.7521013,0.7688627,0.8230221,0.8104257,0.77768147,0.82382107,0.8360055,0.78419566,0.7785597,0.8124084,0.81991935,0.776024,0.82535434,0.8179077,0.77149916,0.74931085,0.83333683,0.8178952,0.8137089,0.7850523,0.7792202,0.7621486,0.783922,0.7693578,0.85923386,0.825818,0.8457965,0.82972443,0.8342106,0.828717,0.8169831,0.82539135,0.8577421,0.81530523,0.7748089,0.7948292,0.8074899,0.81851476,0.8120819,0.79653186,0.79706144,0.81546575,0.8041038,0.717387,0.75660396,0.99999976,0.900906,0.8812171,0.9119386,0.8453114,0.84639394,0.8419845,0.80508626,0.7666535,0.77096397,0.7779495,0.78823406,0.74778014,0.76118195,0.7354742,0.7555058,0.735785,0.76810855,0.7303293,0.74576616,0.7560389,0.7593801,0.7851939,0.72727656,0.7984458,0.7347964,0.8427391,0.82577425,0.78977937,0.77305496,0.8514222,0.8235018,0.7698236,0.80668664,0.79190856,0.7891564,0.8110451,0.7771037,0.7657528,0.775368,0.7839757,0.71685946,0.7703879,0.7395623,0.7266735,0.74852383,0.76716423,0.74645156,0.69467485,0.7253597,0.7458041,0.8221043,0.760268,0.7764669,0.7870115,0.77747595,0.7117745,0.7068831,0.75585777,0.8301039,0.7091322
HS,0.73668677,0.73970425,0.72898936,0.7254435,0.718863,0.74196965,0.7138214,0.7350181,0.75917226,0.75251704,0.76997846,0.7284194,0.758242,0.73486197,0.70643216,0.69672054,0.7377511,0.7226269,0.71560925,0.7352251,0.7482545,0.7258855,0.7053312,0.74614596,0.73074555,0.7228193,0.73135734,0.77187943,0.73303175,0.71829045,0.73667204,0.750332,0.76520133,0.7805581,0.76031756,0.7614772,0.73563826,0.70779526,0.69055057,0.71415293,0.7543236,0.783736,0.78692514,0.7779644,0.8101904,0.82975477,0.7740283,0.76698977,0.77458304,0.79780513,0.73889506,0.79538846,0.7856529,0.7679297,0.72510576,0.8140675,0.790998,0.79547536,0.7591317,0.7523877,0.7483406,0.76562953,0.767985,0.83697015,0.82708853,0.8329971,0.8143563,0.83143234,0.8078666,0.8100651,0.8011503,0.843265,0.80512136,0.754791,0.76015437,0.7926069,0.80008554,0.7847648,0.7619273,0.8024679,0.7976975,0.7883981,0.71789265,0.75864846,0.900906,1.0000002,0.8857329,0.9043729,0.81252563,0.7905166,0.83679605,0.77610606,0.7606618,0.7467741,0.7718048,0.7703558,0.7366816,0.7367972,0.7290499,0.7402805,0.7239792,0.7442331,0.71247697,0.7139882,0.717454,0.7251065,0.74537724,0.69913894,0.7865781,0.7354268,0.8342352,0.8150702,0.7367306,0.8177621,0.81638217,0.84067994,0.7842082,0.8140153,0.7978574,0.7748676,0.7931498,0.7874932,0.74212915,0.7829373,0.7717538,0.70775586,0.7711236,0.72014755,0.71384037,0.75778985,0.76289535,0.77352047,0.6960985,0.7292721,0.7526079,0.8013097,0.75616205,0.7734326,0.7613069,0.77592593,0.69689476,0.70668274,0.7591014,0.81754124,0.7051586
HC,0.7356397,0.7384086,0.732369,0.7179613,0.7278633,0.7507367,0.710098,0.73218346,0.75641775,0.7489641,0.775005,0.73920834,0.7540466,0.7229643,0.70667195,0.6816622,0.7427902,0.7262937,0.7179212,0.7330376,0.7425014,0.72850096,0.6965831,0.7365827,0.73242354,0.71748483,0.72479516,0.7377747,0.72620285,0.7010191,0.7610783,0.75736773,0.7734449,0.74243546,0.7657141,0.73495245,0.7216036,0.6955893,0.6759361,0.6810869,0.7386211,0.77813476,0.76902944,0.8135015,0.8439729,0.82162654,0.7941487,0.7634864,0.7694063,0.78322905,0.74815345,0.777097,0.82197565,0.735582,0.7292438,0.7875084,0.7981924,0.83576965,0.77650225,0.75696903,0.7297828,0.7612276,0.75714767,0.8305697,0.80291826,0.82159436,0.7919814,0.84288603,0.8419011,0.81518066,0.7981661,0.8215967,0.8188014,0.73632026,0.77523553,0.7864917,0.7916664,0.7869339,0.7753327,0.82808673,0.78788364,0.7730552,0.73254246,0.7477561,0.8812171,0.8857329,1.0,0.89548635,0.81838477,0.80744076,0.8126237,0.7701194,0.74569184,0.7380706,0.7535328,0.80053586,0.7712265,0.74316704,0.7550097,0.73771334,0.73143893,0.7518064,0.7111364,0.7572673,0.7352712,0.76998675,0.77755773,0.71034,0.7670278,0.7303879,0.8378606,0.82247865,0.7558643,0.7777164,0.8129804,0.83279836,0.79692614,0.7790872,0.7871681,0.789747,0.8079517,0.79521906,0.7719587,0.79204226,0.7621064,0.70769215,0.7810705,0.72148794,0.725747,0.7581903,0.74881613,0.7531501,0.7060551,0.72423655,0.72926944,0.80109215,0.74488866,0.7722372,0.7602409,0.7620245,0.7281718,0.7214264,0.75323904,0.8027781,0.6945381
HG,0.75246716,0.7723505,0.7706435,0.75203353,0.7529155,0.7684244,0.75052774,0.7658663,0.76407075,0.76207995,0.7869383,0.74536926,0.7870259,0.7455292,0.7422174,0.6989902,0.76562476,0.7543801,0.72976846,0.7419607,0.7685533,0.7392175,0.71037513,0.7625247,0.72622,0.735659,0.7566511,0.73712766,0.7229672,0.7062373,0.74946827,0.73050284,0.7729876,0.7465468,0.73831713,0.74403167,0.72945476,0.7023555,0.6976116,0.71335816,0.7560045,0.8151156,0.81361187,0.78314877,0.8134487,0.85040265,0.80182815,0.7966651,0.7862087,0.79114944,0.7634773,0.80133176,0.79775107,0.723492,0.7527652,0.83388186,0.8174294,0.79804486,0.7681073,0.77278864,0.7509083,0.76313484,0.7747539,0.858178,0.8317267,0.82620525,0.8177579,0.8583398,0.8355976,0.81970125,0.8179178,0.85489607,0.8307169,0.76327676,0.7795558,0.79991055,0.7918689,0.80695385,0.7820903,0.7939311,0.79347396,0.79570377,0.74537367,0.80661213,0.9119386,0.9043729,0.89548635,0.9999998,0.83944106,0.8117974,0.84134847,0.79806757,0.78306484,0.78179055,0.7869832,0.77607477,0.7321922,0.7379938,0.70219064,0.741245,0.70154536,0.7288654,0.70752734,0.7137771,0.74266374,0.7672402,0.7744736,0.7120607,0.81696445,0.767817,0.85831857,0.8013287,0.744541,0.7838028,0.82560873,0.8168043,0.79854,0.80249536,0.78945786,0.78891176,0.8142828,0.8280578,0.7721716,0.79948145,0.7973603,0.7179411,0.77760375,0.7481097,0.7221494,0.75347054,0.7547816,0.7586846,0.70633626,0.720031,0.7472255,0.8109669,0.76612324,0.79111576,0.768736,0.75672084,0.72974193,0.71119726,0.74377275,0.8304975,0.7202767
WB,0.78284883,0.76054907,0.76420003,0.7469045,0.74852264,0.74648154,0.7466758,0.76152754,0.7637235,0.75408024,0.76450473,0.7354768,0.716608,0.72299826,0.7259383,0.6878195,0.7911638,0.7360908,0.72145224,0.7348125,0.75588894,0.75639063,0.7151065,0.7409673,0.7310444,0.73791564,0.74832606,0.7158106,0.7259901,0.70938987,0.74055797,0.76273334,0.77120805,0.75256836,0.7673296,0.7438829,0.7380917,0.72046554,0.70498794,0.71568274,0.75736785,0.79244393,0.7649984,0.7998781,0.7906031,0.80710006,0.7927162,0.8562533,0.79266953,0.81439936,0.76481044,0.7847532,0.84560895,0.75020146,0.7521474,0.80522424,0.8089757,0.80743897,0.791192,0.7916551,0.7699892,0.735917,0.7762902,0.83649886,0.8392879,0.8151754,0.8471529,0.82000065,0.8257997,0.81187415,0.80391335,0.81661975,0.7963321,0.7642633,0.8470877,0.79117006,0.7903009,0.8013225,0.78584975,0.7818912,0.78724194,0.7926763,0.737158,0.7540289,0.8453114,0.81252563,0.81838477,0.83944106,1.0000001,0.9319011,0.8345689,0.77271104,0.7629642,0.7521203,0.7569329,0.85549116,0.7569335,0.7659451,0.7346253,0.7766521,0.7470943,0.7709925,0.7631594,0.7399405,0.7770069,0.7864606,0.7824568,0.7407788,0.7882706,0.7459558,0.8057489,0.81158566,0.7552422,0.7350905,0.84560406,0.8007961,0.77346396,0.7972853,0.7744438,0.78987753,0.80415016,0.76685154,0.7478984,0.79741645,0.7485101,0.69791794,0.7918422,0.764127,0.75873685,0.7498788,0.7519028,0.7544456,0.6976769,0.6962139,0.73180854,0.77128214,0.7542452,0.73112667,0.76263726,0.74145734,0.7166064,0.729449,0.72576463,0.8229756,0.7029051
BU,0.763662,0.77410126,0.77258825,0.7470987,0.754529,0.738148,0.7504076,0.7677233,0.771646,0.76054984,0.7650005,0.7208127,0.7228661,0.74241036,0.71034825,0.707064,0.73578155,0.73248404,0.7330673,0.7442411,0.7564379,0.76346934,0.72192097,0.737606,0.72346246,0.72812694,0.7445097,0.7544031,0.74795455,0.73620963,0.7743342,0.7803508,0.77409,0.76071286,0.75943923,0.7508253,0.72804785,0.7188515,0.7173639,0.737784,0.77095824,0.7944444,0.7742938,0.8254155,0.7984559,0.79613054,0.80510974,0.7837658,0.8241092,0.8426578,0.78644186,0.7993022,0.8250531,0.7990048,0.77902824,0.82042867,0.83871645,0.83377683,0.8074125,0.80686283,0.8009527,0.76368797,0.78281677,0.8376454,0.8368025,0.82872117,0.8086923,0.7983333,0.81017923,0.81997955,0.7822708,0.81433356,0.7902552,0.7524833,0.7929945,0.80894125,0.8079763,0.8060439,0.80073255,0.8063359,0.80707973,0.8220781,0.7370767,0.757398,0.84639394,0.7905166,0.80744076,0.8117974,0.9319011,1.0000001,0.79927695,0.7760514,0.7796055,0.7617038,0.7711158,0.7827066,0.7888277,0.7605757,0.75124717,0.78058535,0.75848544,0.79028875,0.77642107,0.7696914,0.80652285,0.78342956,0.81986874,0.75107384,0.7882432,0.7462615,0.81324583,0.82792044,0.78365695,0.7488414,0.84677655,0.80832916,0.78671134,0.8082452,0.76299584,0.79027855,0.812348,0.77407485,0.76428896,0.7547684,0.7635652,0.71134686,0.76391673,0.7681359,0.7885916,0.7673127,0.75461817,0.758088,0.71161664,0.72460806,0.7305931,0.7749922,0.7597348,0.72643626,0.7609118,0.74384844,0.71434426,0.7257811,0.7557257,0.8235561,0.71446383
CB,0.80490255,0.75929874,0.7789924,0.7726958,0.7728116,0.75775874,0.77999234,0.78248394,0.765102,0.79274476,0.8130903,0.74906147,0.7563553,0.75337946,0.73479354,0.6989344,0.7602963,0.7433511,0.72848713,0.7484689,0.78253055,0.7610639,0.7416203,0.7713321,0.75911224,0.75128007,0.7736219,0.740275,0.7157819,0.7404734,0.7182825,0.7703201,0.77823585,0.73736113,0.75963384,0.7714029,0.73008835,0.7498847,0.71106285,0.73824394,0.7549961,0.81458783,0.83270836,0.7832328,0.8124707,0.8269345,0.7835554,0.8192388,0.8008484,0.8267991,0.7797607,0.83227825,0.8056996,0.745162,0.7672746,0.8262572,0.80290425,0.78349507,0.77241623,0.7952727,0.75832266,0.77668417,0.78598017,0.84167945,0.80835664,0.8057492,0.8152516,0.80896723,0.77905446,0.75721467,0.7751788,0.8086177,0.781459,0.73906755,0.784651,0.79394555,0.77971065,0.78344834,0.7658226,0.8013021,0.7843216,0.7928588,0.73456717,0.7503897,0.8419845,0.83679605,0.8126237,0.84134847,0.8345689,0.79927695,0.9999999,0.8546683,0.8137313,0.84575313,0.841819,0.8028552,0.7503118,0.76131344,0.739977,0.7795194,0.75401694,0.7682872,0.7326203,0.7290585,0.7201028,0.7618413,0.7591333,0.72040236,0.81285477,0.7582416,0.8173375,0.82182515,0.7351387,0.7745214,0.8256056,0.80655164,0.7848933,0.79467696,0.73537564,0.7834624,0.7973701,0.7600582,0.73506683,0.78153205,0.72906655,0.717202,0.7655659,0.7509388,0.73331463,0.74758714,0.7571075,0.7599179,0.69658124,0.7508788,0.7299372,0.79834,0.78164196,0.7431732,0.7772387,0.7783593,0.71211106,0.7092775,0.709575,0.8110392,0.71192193
CP,0.7969887,0.7910132,0.80623084,0.8162549,0.7886274,0.78479624,0.8147317,0.8151432,0.79719675,0.77889377,0.80199516,0.79496944,0.8177629,0.78839326,0.77346313,0.75166714,0.7882117,0.783411,0.7688112,0.78087795,0.8163243,0.78891784,0.7770239,0.785546,0.78054696,0.78425395,0.8024546,0.71545637,0.7203238,0.724018,0.7523559,0.771457,0.81001353,0.76821244,0.7681962,0.7381104,0.73110706,0.744423,0.7406495,0.74792117,0.77658665,0.8256943,0.78240716,0.77363354,0.7565292,0.7918683,0.78703076,0.7778335,0.8164669,0.7837393,0.7818402,0.80544543,0.76423115,0.7499649,0.7942969,0.76845884,0.7752319,0.76572466,0.76347995,0.79402703,0.77140206,0.80985636,0.79700595,0.7850262,0.7813724,0.7779741,0.7713549,0.82465076,0.7554474,0.7625704,0.7985071,0.80140483,0.76120883,0.77958363,0.7683544,0.7767291,0.79394346,0.7801781,0.8006574,0.7440233,0.7454742,0.7713023,0.7476613,0.7608394,0.80508626,0.77610606,0.7701194,0.79806757,0.77271104,0.7760514,0.8546683,1.0000001,0.84895146,0.87043905,0.8619143,0.7637549,0.7586859,0.7547433,0.7511072,0.78014797,0.7774329,0.77396595,0.7549186,0.7488935,0.75242746,0.76068217,0.78823847,0.7758978,0.76058275,0.7791711,0.80552125,0.7652215,0.7639328,0.74618423,0.7864708,0.7939544,0.77262396,0.7984099,0.7535694,0.76602286,0.74816215,0.745226,0.7415224,0.757319,0.73847604,0.7723692,0.76807576,0.76212245,0.7470298,0.77276444,0.7911702,0.77006197,0.7166995,0.77553296,0.7479292,0.79185814,0.80280447,0.74792594,0.7502363,0.73746306,0.76307285,0.72659874,0.72986627,0.81523275,0.73974526
CV,0.7481112,0.73428726,0.74270236,0.74578315,0.7429699,0.7406168,0.7511257,0.7550489,0.7388886,0.7276422,0.7377023,0.72819704,0.7396609,0.7468551,0.735941,0.73110306,0.73384345,0.7350749,0.72920746,0.7465861,0.75914717,0.73329365,0.71638775,0.73118496,0.71194065,0.7266246,0.740432,0.7205522,0.71620005,0.7068779,0.8053372,0.73031443,0.7492576,0.74180734,0.7246418,0.71842146,0.70551574,0.7124934,0.6846966,0.72542536,0.75333893,0.76251334,0.7492525,0.75541043,0.7557023,0.7701194,0.74995303,0.7362318,0.7676278,0.7459464,0.75174475,0.7687986,0.7465751,0.76215637,0.7264281,0.75559074,0.7549147,0.7429806,0.7387296,0.7601167,0.75712115,0.74974465,0.7464572,0.7608108,0.75224894,0.7438688,0.7558078,0.76050436,0.73926413,0.7359701,0.7305775,0.76796395,0.7386192,0.76566947,0.74139625,0.76543635,0.76970375,0.7643488,0.765894,0.7387988,0.74362147,0.757813,0.72701323,0.7441504,0.7666535,0.7606618,0.74569184,0.78306484,0.7629642,0.7796055,0.8137313,0.84895146,1.0,0.8250785,0.84914273,0.73608625,0.7290737,0.7364201,0.7521858,0.7514384,0.733444,0.73963225,0.7439935,0.724272,0.7472534,0.723336,0.74985635,0.7777002,0.7404925,0.74439776,0.7724817,0.7321912,0.712186,0.8046943,0.7907364,0.7956941,0.7512069,0.7885684,0.7266148,0.7515981,0.7143833,0.75965434,0.7508329,0.7456837,0.8013224,0.74807787,0.71795356,0.759066,0.745009,0.7576133,0.7614658,0.77357495,0.7400732,0.8014219,0.7465037,0.7996754,0.765277,0.7514095,0.727871,0.7477952,0.7846966,0.7411918,0.7489711,0.7797712,0.725896
CD,0.75012034,0.74514294,0.76357114,0.78392935,0.7486456,0.7534794,0.795131,0.7714564,0.76184267,0.7615622,0.7480021,0.7847405,0.76962703,0.75352985,0.75883853,0.7732994,0.79052174,0.75201494,0.7458169,0.7420696,0.7874822,0.74392533,0.75279593,0.7610225,0.72128147,0.7514984,0.7601651,0.69981563,0.72923756,0.7109467,0.72316426,0.7344023,0.8173027,0.73644865,0.7409346,0.7128713,0.7110463,0.7177885,0.7249794,0.7329055,0.7592241,0.8009448,0.7593084,0.7499924,0.7607377,0.79412794,0.8115109,0.79969466,0.7637645,0.7456728,0.77283823,0.7870596,0.7589255,0.74519444,0.7992428,0.76683956,0.77573985,0.7483252,0.7538623,0.8200223,0.77878815,0.7387959,0.8247245,0.7626577,0.75816137,0.7477358,0.7431006,0.7841085,0.75160253,0.7335463,0.75269175,0.7964679,0.7461681,0.7592501,0.74073994,0.73926055,0.75978255,0.76035523,0.7783445,0.7286583,0.7240108,0.75456595,0.75335675,0.7760786,0.77096397,0.7467741,0.7380706,0.78179055,0.7521203,0.7617038,0.84575313,0.87043905,0.8250785,1.0000004,0.89532757,0.76518947,0.80573034,0.7676705,0.7700687,0.7962151,0.76819116,0.7964743,0.7698813,0.7903247,0.74600005,0.76830775,0.7558457,0.75843394,0.75292754,0.8279324,0.7677819,0.75262934,0.798388,0.71314734,0.7791874,0.7971282,0.769919,0.7786428,0.7264428,0.7664528,0.72484684,0.75635815,0.75431114,0.74944115,0.7199923,0.7782936,0.7429672,0.7952233,0.77086127,0.758859,0.7603823,0.8217431,0.7381497,0.77173054,0.75743055,0.80438733,0.81648505,0.741971,0.7444487,0.74968636,0.7399038,0.7208004,0.72767526,0.78244424,0.74443185
CH,0.72385395,0.7480948,0.7429126,0.76962304,0.7389613,0.72367364,0.7693475,0.7544161,0.7401285,0.7393554,0.7200727,0.74745804,0.7422599,0.7391732,0.7369125,0.73932946,0.7577161,0.74403864,0.7152589,0.7625425,0.75971496,0.72618496,0.726985,0.7545823,0.7142285,0.74305475,0.76073444,0.7147163,0.71462727,0.7264832,0.74830425,0.7262981,0.7990308,0.73682046,0.7131082,0.7049475,0.70428795,0.7084912,0.70362765,0.7144561,0.74281275,0.7946127,0.7625074,0.74297255,0.7564086,0.7900573,0.8062228,0.7849554,0.7620032,0.75648665,0.75959146,0.80593574,0.7537191,0.73013616,0.7845355,0.7673743,0.7716737,0.7497708,0.76399827,0.8147668,0.76074284,0.7260429,0.8071912,0.76508975,0.77270865,0.76414233,0.74746025,0.7824501,0.76931083,0.76072544,0.74759007,0.799448,0.7574312,0.74126464,0.72834384,0.75955623,0.7521596,0.7471267,0.79013145,0.7514811,0.75257397,0.76568586,0.75559485,0.80614966,0.7779495,0.7718048,0.7535328,0.7869832,0.7569329,0.7711158,0.841819,0.8619143,0.84914273,0.89532757,1.0,0.7482549,0.7807655,0.755438,0.74150825,0.773996,0.74792075,0.75826687,0.748872,0.7613051,0.7460371,0.76532584,0.7669218,0.7576835,0.7543118,0.7996287,0.78877014,0.7556831,0.7544246,0.74147266,0.7640722,0.80133665,0.7567252,0.7959773,0.7431888,0.77877593,0.74223953,0.7836073,0.7478702,0.7370625,0.73862064,0.76065314,0.7529898,0.78573304,0.7745372,0.7538035,0.75706816,0.7984597,0.70089287,0.777839,0.769822,0.8307673,0.84215105,0.72283614,0.7161235,0.72291136,0.7641545,0.73873657,0.73204505,0.78568184,0.73127604
SA,0.77463335,0.7390629,0.7300927,0.7319416,0.73756117,0.7420175,0.7494421,0.7314049,0.76221895,0.73817235,0.7683639,0.76421463,0.734906,0.73781395,0.7407308,0.7009796,0.8221427,0.7230225,0.73862493,0.73797727,0.7645602,0.74673253,0.72202265,0.7351512,0.729665,0.735314,0.73871684,0.7144711,0.72854376,0.71476954,0.72446436,0.7529065,0.78191274,0.7467105,0.76236075,0.7347677,0.74036825,0.71949685,0.716841,0.7253873,0.75800467,0.7882748,0.7747397,0.79782426,0.811586,0.7978635,0.782759,0.872179,0.77883995,0.76872164,0.78749716,0.7792586,0.8833579,0.7697119,0.7710223,0.76542926,0.78271455,0.79087293,0.7916647,0.7666615,0.74077225,0.7238076,0.76705754,0.80010366,0.7763827,0.7911619,0.82380563,0.8274862,0.8318594,0.7601463,0.8034638,0.7961021,0.79018646,0.78902346,0.8693054,0.74651664,0.7670496,0.7649256,0.7871224,0.78116703,0.7684215,0.7543115,0.7300618,0.75608134,0.78823406,0.7703558,0.80053586,0.77607477,0.85549116,0.7827066,0.8028552,0.7637549,0.73608625,0.76518947,0.7482549,1.0,0.8489778,0.83798355,0.85519785,0.85586816,0.8486738,0.89917827,0.84628356,0.84374404,0.8042417,0.82452786,0.7869239,0.753493,0.74394125,0.75947374,0.7850905,0.77471423,0.75447774,0.72591877,0.7801219,0.8179536,0.7514986,0.7691286,0.7778439,0.7637685,0.75704235,0.71204084,0.7607857,0.8301797,0.7273116,0.7602641,0.8063817,0.7539732,0.75326204,0.75063753,0.75344396,0.7598827,0.6928499,0.70022655,0.7443243,0.7518102,0.7412847,0.73154795,0.74380654,0.77625996,0.73512053,0.7387651,0.76647097,0.79752934,0.72100914
SBW,0.751865,0.81284446,0.7568865,0.77581686,0.7543311,0.7505342,0.75680566,0.7682251,0.77543765,0.78498125,0.7449982,0.7874063,0.7388317,0.74300855,0.7316034,0.71635044,0.7505863,0.7761957,0.7463288,0.7875918,0.7735635,0.76546305,0.7523034,0.7757846,0.76220876,0.7868291,0.80128133,0.74441785,0.7455061,0.7313999,0.74410635,0.75904214,0.8311689,0.7749939,0.75447273,0.7302425,0.7342142,0.72356737,0.73407453,0.74083674,0.7750488,0.7949585,0.77054775,0.7991573,0.81344867,0.8008065,0.9059376,0.7914811,0.7786772,0.7745415,0.79646033,0.7695261,0.8017647,0.8046403,0.8201581,0.7736336,0.7785442,0.81218326,0.7934313,0.78948,0.79416156,0.76210475,0.8025714,0.7575915,0.84482175,0.7774716,0.7480503,0.7860659,0.81432354,0.7381712,0.7648021,0.78917134,0.77985376,0.7632811,0.75923175,0.793919,0.7908466,0.73464507,0.7932639,0.78595436,0.7508358,0.751673,0.74807054,0.77871513,0.74778014,0.7366816,0.7712265,0.7321922,0.7569335,0.7888277,0.7503118,0.7586859,0.7290737,0.80573034,0.7807655,0.8489778,0.9999999,0.8413553,0.8537878,0.85328305,0.87834036,0.91166914,0.85368925,0.89273554,0.80833447,0.8130163,0.7862631,0.77218074,0.7433063,0.8061723,0.76402,0.7815706,0.793404,0.71176815,0.7579875,0.79957616,0.7273598,0.76700234,0.7538336,0.7324408,0.73832965,0.71060276,0.7460981,0.73362374,0.73070556,0.75606847,0.76565003,0.78283083,0.79827076,0.7826693,0.7635134,0.8065979,0.71452266,0.7153757,0.75821406,0.75441444,0.7802178,0.72146326,0.73233783,0.77007234,0.7307084,0.7328324,0.73542243,0.7982659,0.71643907
SF,0.72774035,0.7349644,0.7309057,0.7191664,0.71381515,0.7096434,0.7566249,0.7264925,0.744838,0.74421436,0.7486938,0.7248045,0.72197115,0.74017453,0.7190829,0.6940476,0.7146345,0.7120649,0.71514213,0.74186885,0.7523943,0.7234695,0.7138196,0.7279798,0.7152246,0.7391065,0.7352693,0.71605587,0.73145854,0.7214008,0.70258874,0.72264826,0.74026245,0.72920364,0.7267115,0.7388582,0.7217024,0.72176707,0.71640354,0.7322208,0.7289711,0.7923266,0.78819364,0.78204614,0.80989695,0.77844095,0.77444184,0.7794412,0.77835476,0.7602426,0.7694853,0.75326765,0.77862656,0.7878438,0.7572433,0.74554193,0.72910345,0.75278825,0.7653599,0.74413073,0.7468308,0.72449964,0.76025677,0.75548816,0.744015,0.75085896,0.7366613,0.7620097,0.7326379,0.7082506,0.75909877,0.7641554,0.74687034,0.7394075,0.7386614,0.7431059,0.7645559,0.73209655,0.755331,0.753209,0.7396926,0.73264563,0.70241106,0.7176932,0.76118195,0.7367972,0.74316704,0.7379938,0.7659451,0.7605757,0.76131344,0.7547433,0.7364201,0.7676705,0.755438,0.83798355,0.8413553,1.0000004,0.838841,0.82543737,0.8511986,0.8780893,0.82857215,0.823614,0.75733966,0.77285284,0.7478109,0.73871136,0.7292131,0.7458808,0.73245454,0.7616408,0.73856795,0.7048324,0.74836457,0.80419695,0.72282577,0.74134254,0.7336917,0.7185086,0.73923635,0.7101408,0.74254036,0.7434924,0.6818929,0.7242504,0.7449987,0.72934765,0.73704225,0.75524735,0.77151734,0.75550115,0.6778936,0.7085011,0.7483397,0.73763907,0.7564609,0.7012792,0.73187166,0.73513615,0.70639664,0.6969634,0.7256964,0.78537464,0.68632066
SH,0.714944,0.7171612,0.71575916,0.7223534,0.7157954,0.7137531,0.72166836,0.71586204,0.744146,0.73031086,0.73301256,0.72224844,0.72823393,0.7329879,0.7082932,0.713148,0.72524697,0.703413,0.73351485,0.73837835,0.7439957,0.7288855,0.7224446,0.73047626,0.7393954,0.7292218,0.727219,0.6963825,0.7287012,0.703756,0.7385595,0.72913355,0.7661345,0.743257,0.73982984,0.699294,0.7006924,0.69978315,0.7000568,0.72958976,0.7471831,0.7721682,0.7637979,0.79708296,0.8014952,0.75697386,0.78083944,0.7683525,0.76701146,0.7438456,0.77512103,0.7608174,0.7886954,0.7972705,0.73720455,0.73605394,0.7699513,0.7737244,0.7608994,0.75004554,0.7757522,0.737861,0.75523883,0.76324064,0.7407032,0.76441944,0.74735874,0.76174855,0.7390363,0.716605,0.7596637,0.74472225,0.76353323,0.76752776,0.7596047,0.7367649,0.7626504,0.72830623,0.76280993,0.74683774,0.7458901,0.7450653,0.71178305,0.7174399,0.7354742,0.7290499,0.7550097,0.70219064,0.7346253,0.75124717,0.739977,0.7511072,0.7521858,0.7700687,0.74150825,0.85519785,0.8537878,0.838841,0.9999999,0.8326612,0.865577,0.8976643,0.8356699,0.8547604,0.7726212,0.7514192,0.7603837,0.7639115,0.7001368,0.7182592,0.7514121,0.73159504,0.73548394,0.72256625,0.74657553,0.7876098,0.72710717,0.7380736,0.75731045,0.70802736,0.7033218,0.6737406,0.7445495,0.7178104,0.71366847,0.77462626,0.7561329,0.7326816,0.737527,0.7802339,0.79531914,0.7770037,0.6931339,0.7430301,0.75216615,0.7347035,0.739463,0.72664773,0.7313533,0.7697483,0.73702085,0.7329792,0.70684355,0.7713493,0.7064465
SK,0.7704536,0.7361533,0.73436505,0.7545486,0.74106324,0.735484,0.7567661,0.75208545,0.76014984,0.73764664,0.74449897,0.7581211,0.72311795,0.73217833,0.7243825,0.72809625,0.7295063,0.7164233,0.7420633,0.7454511,0.7678848,0.7655153,0.754684,0.75089073,0.74871266,0.74148965,0.75029147,0.70210683,0.71444863,0.7500948,0.72825885,0.7698076,0.7847903,0.73384017,0.7619659,0.72317815,0.7174695,0.72513187,0.7393228,0.7642094,0.77081513,0.77274716,0.74895704,0.77711195,0.7594168,0.7633351,0.7673943,0.7687696,0.80004716,0.7717063,0.7877588,0.7989243,0.7891975,0.790938,0.79323405,0.7508775,0.7731601,0.75743365,0.7626945,0.76762116,0.7776054,0.738115,0.76586115,0.76223475,0.7713034,0.78406197,0.7927653,0.77592427,0.78336954,0.73773044,0.7698958,0.76365465,0.7638109,0.78710485,0.7891143,0.74582905,0.7574958,0.7393218,0.7854314,0.7520294,0.75600845,0.73944575,0.71659875,0.7557711,0.7555058,0.7402805,0.73771334,0.741245,0.7766521,0.78058535,0.7795194,0.78014797,0.7514384,0.7962151,0.773996,0.85586816,0.85328305,0.82543737,0.8326612,1.0,0.8593662,0.8913829,0.84447074,0.83712053,0.7960624,0.77484906,0.75752133,0.762618,0.7397195,0.77021265,0.7691685,0.76184666,0.7653471,0.6950568,0.752035,0.7590232,0.7273208,0.75882447,0.74288046,0.73902965,0.7369575,0.70751816,0.72481215,0.75620246,0.715215,0.75869906,0.7727633,0.7521208,0.77821404,0.8077797,0.81920344,0.7922426,0.69437313,0.7222961,0.76522297,0.75750285,0.7648207,0.7208823,0.7357894,0.75866175,0.73462445,0.74929684,0.7455884,0.79431003,0.7193897
SL,0.73950994,0.7552258,0.74323314,0.74113286,0.73769355,0.737635,0.7581653,0.7487709,0.7460182,0.7308917,0.7447884,0.74237835,0.7105976,0.7289754,0.7303549,0.7262421,0.7171027,0.7273257,0.72216177,0.74784935,0.75344765,0.7432745,0.7402626,0.7429605,0.75758773,0.7520108,0.75304145,0.714586,0.7208025,0.73824215,0.7032531,0.7624049,0.7938654,0.7648542,0.768466,0.71156126,0.7159797,0.7108902,0.7463211,0.7571842,0.7582562,0.7776674,0.7572614,0.76969194,0.76869243,0.74868155,0.7741218,0.7575313,0.7697908,0.7747587,0.75302684,0.7686204,0.7784341,0.7884796,0.75798863,0.7502912,0.76030177,0.7745077,0.7641031,0.7394541,0.7710956,0.7623379,0.7516284,0.7653688,0.7646451,0.7681844,0.7418412,0.76993024,0.76499784,0.71375626,0.7642369,0.764748,0.76364726,0.7739168,0.7568094,0.75114846,0.75718904,0.71962714,0.7652431,0.7731633,0.75633436,0.7587365,0.73588777,0.7410695,0.735785,0.7239792,0.73143893,0.70154536,0.7470943,0.75848544,0.75401694,0.7774329,0.733444,0.76819116,0.74792075,0.8486738,0.87834036,0.8511986,0.865577,0.8593662,1.0,0.9117731,0.8732511,0.84861815,0.8140944,0.78037375,0.76731396,0.7720924,0.7201042,0.7591265,0.7491591,0.76831156,0.7689774,0.70940506,0.76391375,0.76370263,0.7403916,0.74824643,0.7481741,0.7075443,0.7199267,0.70600224,0.7359169,0.7445686,0.70586944,0.7554064,0.73862255,0.7571368,0.77404314,0.78166556,0.78924644,0.7769613,0.72821987,0.73870784,0.74427897,0.7334089,0.74798036,0.71172476,0.7232869,0.75682795,0.7451017,0.7421442,0.7327415,0.78386825,0.73356515
SM,0.7795508,0.77133876,0.7683848,0.7690853,0.7568706,0.75873697,0.7716404,0.7818166,0.7734479,0.7541948,0.7680038,0.76632136,0.74153787,0.75016963,0.7445799,0.7244498,0.7376052,0.7342607,0.7515342,0.7531913,0.79590356,0.7785142,0.7677381,0.7683715,0.7599076,0.7656587,0.7630639,0.7277428,0.7452893,0.75521725,0.7298577,0.78102595,0.80844855,0.77842665,0.7897853,0.7506696,0.74441487,0.7239754,0.7511838,0.7864314,0.8167329,0.8036349,0.78194094,0.8068981,0.80117476,0.79836416,0.7970947,0.7846817,0.7928858,0.78961444,0.7925639,0.7869782,0.8022326,0.81006396,0.7735693,0.77911335,0.7974242,0.80151594,0.7934907,0.7760237,0.80324197,0.75391334,0.785082,0.7911885,0.7774249,0.7910881,0.7678261,0.80067307,0.79187834,0.7336254,0.78079706,0.78622186,0.7733802,0.785514,0.7848847,0.7498839,0.76592547,0.73408234,0.80170965,0.7930155,0.7624022,0.7642062,0.7252128,0.7560582,0.76810855,0.7442331,0.7518064,0.7288654,0.7709925,0.79028875,0.7682872,0.77396595,0.73963225,0.7964743,0.75826687,0.89917827,0.91166914,0.8780893,0.8976643,0.8913829,0.9117731,1.0000002,0.89845157,0.8850179,0.8266133,0.81078196,0.804302,0.7730523,0.75101835,0.7816393,0.7639646,0.77398366,0.7737106,0.72119325,0.7644735,0.7983321,0.7405108,0.7577827,0.76505464,0.7350094,0.7485067,0.7062092,0.7433203,0.76028883,0.72451574,0.7907128,0.77502465,0.7620696,0.78280437,0.792153,0.78702796,0.7796361,0.71549743,0.7214544,0.7938065,0.7538345,0.7872987,0.7356151,0.7509325,0.798263,0.728986,0.7448935,0.7594362,0.821584,0.7619228
SNW,0.73421586,0.73737746,0.7346478,0.72694635,0.72103786,0.7246661,0.7362061,0.7383704,0.72560257,0.7063462,0.72323793,0.725584,0.7044283,0.71597296,0.7145242,0.6997949,0.71169275,0.71902066,0.72210264,0.7245954,0.74829715,0.71829855,0.7088093,0.72109234,0.73503447,0.73664266,0.74112725,0.7196846,0.75049484,0.7366959,0.73378,0.74878466,0.78891325,0.7525341,0.75554824,0.7252298,0.72592634,0.70855016,0.73356557,0.7557329,0.76191723,0.7606535,0.7276342,0.7412839,0.7501669,0.747876,0.7575271,0.7422012,0.7459272,0.7519768,0.7720285,0.7486147,0.761824,0.7614641,0.74932647,0.7392811,0.75991267,0.77499545,0.738202,0.7370744,0.7619618,0.7289172,0.75197685,0.7544863,0.7544966,0.7430403,0.75386965,0.75406384,0.77388245,0.7194844,0.754789,0.7584387,0.7305776,0.7755232,0.7749722,0.74147826,0.74665815,0.7286151,0.781208,0.74322486,0.74835485,0.7357315,0.7333931,0.72578204,0.7303293,0.71247697,0.7111364,0.70752734,0.7631594,0.77642107,0.7326203,0.7549186,0.7439935,0.7698813,0.748872,0.84628356,0.85368925,0.82857215,0.8356699,0.84447074,0.8732511,0.89845157,1.0,0.8445128,0.80062854,0.74916494,0.75091106,0.74278307,0.72607386,0.74957216,0.7317558,0.7573355,0.75593126,0.68964916,0.7330456,0.75612646,0.7346504,0.7323798,0.7410885,0.7319389,0.7291533,0.70263815,0.74200916,0.72979915,0.73227274,0.7893685,0.73337615,0.7612715,0.7786789,0.7742373,0.7700311,0.7552911,0.6953186,0.7083417,0.76033276,0.7251656,0.75455713,0.7115397,0.71682566,0.7648464,0.7343638,0.7397957,0.758758,0.7716408,0.7073793
SO,0.7147043,0.74516994,0.73533803,0.7327299,0.70535135,0.72353923,0.74281967,0.7334524,0.74767137,0.71977156,0.73578906,0.74756,0.7385148,0.73552203,0.72362286,0.70749474,0.7450198,0.71782285,0.7351162,0.73325884,0.7436687,0.7418716,0.73635006,0.7342948,0.7180056,0.73156714,0.7341863,0.6871855,0.7103256,0.72249764,0.7235131,0.73498887,0.78449047,0.7353143,0.74270904,0.7022177,0.7110116,0.69929713,0.72613907,0.7339721,0.7497382,0.7784249,0.73984236,0.7939115,0.78990614,0.7691714,0.79669935,0.77588,0.7544898,0.74000937,0.7626467,0.75055593,0.7896545,0.7692913,0.75995374,0.73340654,0.76377726,0.7706791,0.76128846,0.7647187,0.756143,0.7393102,0.7574338,0.7456336,0.73323166,0.73964036,0.72390974,0.7542824,0.7477736,0.71410483,0.7462757,0.75870806,0.7604365,0.75871384,0.8048754,0.78426594,0.82043236,0.774037,0.8268099,0.7509062,0.73977673,0.7401877,0.7249167,0.73613703,0.74576616,0.7139882,0.7572673,0.7137771,0.7399405,0.7696914,0.7290585,0.7488935,0.724272,0.7903247,0.7613051,0.84374404,0.89273554,0.823614,0.8547604,0.83712053,0.84861815,0.8850179,0.8445128,0.9999999,0.7830139,0.7921344,0.76918805,0.76185936,0.7203175,0.75708395,0.74386054,0.742644,0.76320815,0.71306396,0.7440371,0.7822645,0.7097582,0.7449592,0.75652957,0.726612,0.72761273,0.6823872,0.7549691,0.71212876,0.7085196,0.75531673,0.7374251,0.76302844,0.7942846,0.76843405,0.7671908,0.78559446,0.6972037,0.7239338,0.7276301,0.74072593,0.76451737,0.7106191,0.7142662,0.7516267,0.7119756,0.7122064,0.70748335,0.7632879,0.6971443
AL,0.76615244,0.7742028,0.77675635,0.7721236,0.77018726,0.7534257,0.7744242,0.7648694,0.74595404,0.7450849,0.7434672,0.73189235,0.72906387,0.75390285,0.73161227,0.7383313,0.74350375,0.71695334,0.75416183,0.79247415,0.7521759,0.77374035,0.72857624,0.7521709,0.7682272,0.75987273,0.74910116,0.71992266,0.7310801,0.75538516,0.7695238,0.78576064,0.7695029,0.75257885,0.75203955,0.73048675,0.7286558,0.72548115,0.7206998,0.761801,0.7666396,0.78663296,0.7472347,0.788417,0.768908,0.77188724,0.78183085,0.76366735,0.7999534,0.7845413,0.7811028,0.78286386,0.7957735,0.7991222,0.7758205,0.7741923,0.81669647,0.8001721,0.799293,0.79462844,0.81055194,0.76561415,0.77692276,0.769434,0.75458753,0.7538464,0.7357908,0.74039495,0.7559482,0.7350057,0.7449444,0.73367393,0.7262997,0.76191586,0.7912526,0.7712965,0.76606673,0.74776554,0.78999126,0.7873785,0.73946,0.7956577,0.7260228,0.7764814,0.7560389,0.717454,0.7352712,0.74266374,0.7770069,0.80652285,0.7201028,0.75242746,0.7472534,0.74600005,0.7460371,0.8042417,0.80833447,0.75733966,0.7726212,0.7960624,0.8140944,0.8266133,0.80062854,0.7830139,1.0,0.86401486,0.89747286,0.87334,0.7360239,0.7398555,0.75787413,0.7586211,0.7391112,0.72652316,0.7566521,0.7846111,0.7435242,0.7564337,0.79902756,0.7638987,0.75635374,0.72165906,0.7465422,0.7395632,0.7436768,0.73735523,0.74681884,0.7745025,0.83862746,0.79920685,0.7750975,0.76654834,0.7247539,0.73221374,0.74606735,0.75074095,0.74337685,0.7021927,0.7205763,0.73875314,0.76961684,0.7488728,0.7431457,0.813732,0.72806126
AGL,0.75890213,0.75590974,0.7393585,0.773913,0.7550875,0.7435232,0.74943256,0.74959475,0.74973774,0.76498973,0.7555978,0.7724638,0.7351413,0.74090695,0.7141295,0.70814556,0.7691995,0.7136926,0.75905794,0.7825968,0.7607876,0.7715728,0.7031122,0.74394596,0.74340856,0.7323484,0.7293172,0.72621334,0.70776576,0.7109959,0.7443298,0.7801497,0.8199376,0.75661254,0.77358407,0.7173971,0.7074038,0.7081356,0.70163065,0.71214926,0.77170885,0.7970154,0.78518146,0.81773067,0.79943454,0.7928839,0.8126061,0.8126556,0.7897198,0.78347707,0.7696308,0.7739617,0.79662,0.7701485,0.8125753,0.7867967,0.79991007,0.8090265,0.79389066,0.8142287,0.75249636,0.7408087,0.79801273,0.7788517,0.75385857,0.78678334,0.7766063,0.77717626,0.78208196,0.72716796,0.77487874,0.75234914,0.74836504,0.74384105,0.79695493,0.765273,0.7729515,0.76150036,0.7875507,0.816961,0.75465596,0.7817433,0.76699805,0.8164669,0.7593801,0.7251065,0.76998675,0.7672402,0.7864606,0.78342956,0.7618413,0.76068217,0.723336,0.76830775,0.76532584,0.82452786,0.8130163,0.77285284,0.7514192,0.77484906,0.78037375,0.81078196,0.74916494,0.7921344,0.86401486,1.0,0.8910538,0.8401735,0.76123965,0.81676483,0.77488834,0.7755842,0.75979996,0.72824496,0.75123465,0.81230307,0.7648276,0.7764592,0.78268236,0.7594119,0.77315366,0.727427,0.73154014,0.79573363,0.71602523,0.7237943,0.80089754,0.77131164,0.81013817,0.76701367,0.7384672,0.79894054,0.70483273,0.71717674,0.7298572,0.7541712,0.7829495,0.68467903,0.7323437,0.71809745,0.73128486,0.73319685,0.7210985,0.8110541,0.72981364
AR,0.7591573,0.7681572,0.806801,0.7701069,0.77700675,0.7665979,0.76367503,0.7655281,0.7724607,0.7700553,0.78746086,0.7436645,0.7535275,0.75254345,0.7406635,0.7196597,0.7494246,0.7403984,0.7781903,0.8012011,0.7663256,0.7830018,0.75315946,0.78203595,0.76813275,0.76974046,0.760252,0.72748256,0.7500539,0.74908847,0.7904347,0.7984948,0.7952115,0.78527486,0.7822802,0.74043983,0.73958963,0.7259063,0.74949855,0.7549032,0.77205235,0.816333,0.7861978,0.82297885,0.8041438,0.7918078,0.79805374,0.76383626,0.8124155,0.80581367,0.76878476,0.78960806,0.80243754,0.77772665,0.7811516,0.79384184,0.8685959,0.81385565,0.81827855,0.7983102,0.7855143,0.75265044,0.7748891,0.8433538,0.76535445,0.7879725,0.75528353,0.76543415,0.7624125,0.73847663,0.7620931,0.7589365,0.7586992,0.7357574,0.7828208,0.7875391,0.7846851,0.7638935,0.80636346,0.8113207,0.76537824,0.8337852,0.74436235,0.77018976,0.7851939,0.74537724,0.77755773,0.7744736,0.7824568,0.81986874,0.7591333,0.78823847,0.74985635,0.7558457,0.7669218,0.7869239,0.7862631,0.7478109,0.7603837,0.75752133,0.76731396,0.804302,0.75091106,0.76918805,0.89747286,0.8910538,0.9999999,0.8559256,0.76858264,0.7511364,0.7936519,0.7688378,0.7347667,0.74495625,0.77231956,0.79700947,0.78333116,0.7791653,0.7979848,0.77600294,0.7799716,0.7398634,0.74657553,0.748808,0.738177,0.7371571,0.75500333,0.75441587,0.80023897,0.79106325,0.7616229,0.7730508,0.7172821,0.73998415,0.72937024,0.78071207,0.77789307,0.7111491,0.73106486,0.7480373,0.74532694,0.73928773,0.7227584,0.81435466,0.7296581
AV,0.74869084,0.751902,0.7583644,0.7600131,0.7989365,0.7385791,0.77465975,0.7543489,0.7392204,0.7428042,0.7321218,0.7500348,0.732877,0.7607863,0.7451809,0.77474594,0.7590419,0.7592603,0.78174317,0.82206833,0.74946386,0.7765918,0.7537786,0.75300354,0.7997243,0.75242317,0.76201713,0.7103975,0.7265229,0.7476988,0.77492714,0.769888,0.7835789,0.78045934,0.75978017,0.7105379,0.7159916,0.76425517,0.72707784,0.7603147,0.761906,0.7738217,0.75240964,0.78045887,0.7513026,0.7614938,0.7674968,0.74721134,0.7680191,0.745033,0.75107723,0.76391745,0.74395,0.7821183,0.7458555,0.7565957,0.77421755,0.7554204,0.75657916,0.76552194,0.80981034,0.7590347,0.76471716,0.75060385,0.7480767,0.7358981,0.74323547,0.7321057,0.7190209,0.7291898,0.7605857,0.72610074,0.7610258,0.7791375,0.7639657,0.77473766,0.7666619,0.7660666,0.782043,0.7448575,0.72942126,0.75894177,0.715809,0.7676523,0.72727656,0.69913894,0.71034,0.7120607,0.7407788,0.75107384,0.72040236,0.7758978,0.7777002,0.75843394,0.7576835,0.753493,0.77218074,0.73871136,0.7639115,0.762618,0.7720924,0.7730523,0.74278307,0.76185936,0.87334,0.8401735,0.8559256,0.9999999,0.7429322,0.76202714,0.75815314,0.7280439,0.7224227,0.7269775,0.7405941,0.75793815,0.7364578,0.7674867,0.79755247,0.73238474,0.7074665,0.70529044,0.7364752,0.72541326,0.7261402,0.73728776,0.71343136,0.77149254,0.81120706,0.8082482,0.8037237,0.8027222,0.72436464,0.7654425,0.72242725,0.7583837,0.76291263,0.6717291,0.69869643,0.70733297,0.7683371,0.76057744,0.6994476,0.7866553,0.7140533
BE,0.7630246,0.79150295,0.7819431,0.7634429,0.7710904,0.76712763,0.7578423,0.78778386,0.73970544,0.79484445,0.8060106,0.72063255,0.7422062,0.7499852,0.7391584,0.7176986,0.74559844,0.75910604,0.7470916,0.75361055,0.77428675,0.78023183,0.7560241,0.83338624,0.76729816,0.7740722,0.7865468,0.7357352,0.71145546,0.7361721,0.74128485,0.7518947,0.7728325,0.7508979,0.7474546,0.82044005,0.77118593,0.7816125,0.6986059,0.7311055,0.7742575,0.80733293,0.8555358,0.775123,0.76775503,0.80430937,0.7802247,0.7528135,0.7802151,0.83094275,0.7552942,0.79688674,0.7754546,0.73378587,0.7517102,0.87155604,0.81974655,0.79384613,0.76446134,0.76929057,0.7855604,0.7937942,0.76614517,0.8510627,0.83196324,0.79013705,0.8012262,0.7985102,0.7937228,0.7662883,0.76618373,0.81522435,0.8082341,0.7282993,0.78127265,0.85140795,0.7989565,0.80901337,0.8024838,0.84333944,0.78130317,0.78948545,0.7333836,0.78141356,0.7984458,0.7865781,0.7670278,0.81696445,0.7882706,0.7882432,0.81285477,0.76058275,0.7404925,0.75292754,0.7543118,0.74394125,0.7433063,0.7292131,0.7001368,0.7397195,0.7201042,0.75101835,0.72607386,0.7203175,0.7360239,0.76123965,0.76858264,0.7429322,1.0000002,0.8622847,0.80989,0.841712,0.74187714,0.77278465,0.81396246,0.7853363,0.79554415,0.7529258,0.76169527,0.767176,0.7810498,0.79543376,0.7542954,0.773393,0.72904086,0.6980652,0.7100408,0.71274924,0.7415133,0.7703087,0.73315144,0.7455512,0.6799965,0.6974998,0.7083752,0.7531794,0.76846385,0.7338825,0.7592012,0.7297968,0.69101727,0.68514884,0.7091468,0.8321643,0.71949476
BI,0.7444992,0.78285635,0.75858206,0.7980876,0.76980233,0.75279045,0.7588042,0.7794691,0.7397423,0.75664425,0.7379247,0.7921478,0.74142015,0.7410218,0.7450615,0.74521184,0.7844069,0.7559992,0.74992,0.75002265,0.7781185,0.78208786,0.7586925,0.7689447,0.7512057,0.7591852,0.77161974,0.7074757,0.70627534,0.7212111,0.72763383,0.71855074,0.8171188,0.74908245,0.73907405,0.74725413,0.74882215,0.75535005,0.701628,0.71198964,0.7798431,0.8015891,0.76945865,0.7653482,0.7504126,0.8050402,0.8224791,0.7912222,0.7522753,0.7505509,0.7507632,0.7601117,0.7335978,0.7183161,0.79713804,0.7937515,0.7617141,0.77430105,0.7362768,0.7845806,0.7653501,0.7313085,0.79926884,0.75864524,0.797569,0.7601652,0.765209,0.786861,0.78086776,0.7350588,0.75275385,0.79527795,0.77865434,0.73629177,0.7527153,0.7725977,0.7664544,0.76569873,0.7987363,0.7896385,0.7516414,0.76317525,0.78849435,0.8494965,0.7347964,0.7354268,0.7303879,0.767817,0.7459558,0.7462615,0.7582416,0.7791711,0.74439776,0.8279324,0.7996287,0.75947374,0.8061723,0.7458808,0.7182592,0.77021265,0.7591265,0.7816393,0.74957216,0.75708395,0.7398555,0.81676483,0.7511364,0.76202714,0.8622847,1.0,0.7870424,0.7638201,0.7842274,0.71651983,0.758158,0.7643661,0.7818146,0.75110966,0.7638824,0.7495262,0.75209546,0.7774813,0.73145175,0.8081552,0.72103804,0.75480324,0.7461185,0.7626017,0.75830734,0.74333197,0.724006,0.79773784,0.70064473,0.71519065,0.74005413,0.7490742,0.7986381,0.7209085,0.694571,0.7087057,0.7194978,0.7135897,0.71543515,0.80124485,0.75342536
CA,0.74863106,0.74747646,0.75442934,0.7464994,0.75239235,0.7643371,0.74035627,0.75364494,0.78458095,0.7632942,0.78816736,0.7350298,0.7961258,0.75609446,0.7561031,0.7384652,0.7556975,0.75955284,0.7554355,0.7567707,0.77800524,0.761846,0.7335844,0.7444692,0.73597497,0.73121476,0.7605639,0.7374538,0.73200834,0.7148722,0.77056694,0.724762,0.7786733,0.7743567,0.7371047,0.7580926,0.73750246,0.72911316,0.6957604,0.72163796,0.7649554,0.815819,0.79347354,0.7961062,0.8007996,0.829033,0.8079449,0.78679234,0.80302066,0.81692713,0.80407137,0.8442675,0.80034626,0.76653403,0.77022076,0.8011141,0.80677676,0.7906213,0.77250063,0.78193355,0.7722233,0.7563482,0.757407,0.8385824,0.8260263,0.8176887,0.81659055,0.83678365,0.81449777,0.82379925,0.8198608,0.8420546,0.87776595,0.78434104,0.8101695,0.84543186,0.81807333,0.8415012,0.8414636,0.8158711,0.811569,0.7881175,0.7523258,0.77641493,0.8427391,0.8342352,0.8378606,0.85831857,0.8057489,0.81324583,0.8173375,0.80552125,0.7724817,0.7677819,0.78877014,0.7850905,0.76402,0.73245454,0.7514121,0.7691685,0.7491591,0.7639646,0.7317558,0.74386054,0.75787413,0.77488834,0.7936519,0.75815314,0.80989,0.7870424,1.0000002,0.8118972,0.7558485,0.7535178,0.8040898,0.8025643,0.78937805,0.8017067,0.805026,0.7832642,0.7925158,0.8132814,0.77359176,0.7909262,0.7903373,0.7337959,0.80225635,0.7408359,0.7506107,0.81533,0.7823252,0.7920666,0.7032448,0.7472187,0.7765747,0.8059086,0.7839311,0.7608994,0.7581214,0.7498762,0.74281526,0.71772885,0.74869335,0.83896506,0.7247736
BA,0.7415793,0.75489366,0.7492026,0.7349677,0.7440216,0.73179144,0.72632873,0.75246525,0.7602979,0.7802261,0.78711855,0.7164556,0.72039133,0.7448391,0.71657807,0.70722324,0.73646766,0.72976834,0.73967075,0.75091076,0.7523274,0.7705228,0.73855245,0.7780303,0.7477934,0.7691541,0.76132965,0.78784573,0.7502143,0.7328548,0.7708973,0.75885427,0.77903116,0.7588811,0.75815,0.8025441,0.7405615,0.7374977,0.7194853,0.7568803,0.774697,0.7771139,0.8163179,0.7915801,0.8115237,0.80617654,0.78828245,0.7737991,0.8173803,0.8654461,0.78517646,0.8188542,0.822921,0.78791344,0.78564477,0.84592175,0.8192525,0.823024,0.7928743,0.8031398,0.7806921,0.81623775,0.7860131,0.83639646,0.8314237,0.80835056,0.7999246,0.8072034,0.8142715,0.79835325,0.79248166,0.8161632,0.79600513,0.7556328,0.7836206,0.845543,0.7935148,0.7933211,0.7965527,0.8570334,0.7971089,0.7724328,0.7214171,0.7623807,0.82577425,0.8150702,0.82247865,0.8013287,0.81158566,0.82792044,0.82182515,0.7652215,0.7321912,0.75262934,0.7556831,0.77471423,0.7815706,0.7616408,0.73159504,0.76184666,0.76831156,0.77398366,0.7573355,0.742644,0.7586211,0.7755842,0.7688378,0.7280439,0.841712,0.7638201,0.8118972,1.0,0.8620274,0.80453825,0.82552487,0.83145547,0.79182655,0.78606516,0.76837057,0.7872249,0.8032485,0.7789115,0.78674316,0.7966701,0.74938446,0.71801853,0.75914097,0.73968124,0.78409785,0.794721,0.7561979,0.7560953,0.69025123,0.73025304,0.71490705,0.76602674,0.74695325,0.75728583,0.80948424,0.7790684,0.7150885,0.7093296,0.75239724,0.8386751,0.71521586
BD,0.71116364,0.73159575,0.7200567,0.7452212,0.71247816,0.71503884,0.7269563,0.7411978,0.737349,0.72183484,0.7298203,0.73153365,0.7230145,0.71992564,0.7159873,0.71862125,0.7493231,0.7108732,0.7336534,0.7163772,0.74720526,0.7535274,0.7199729,0.74129254,0.7237706,0.72585714,0.72705066,0.7259263,0.7287041,0.7026719,0.7392474,0.7368921,0.78649324,0.74154913,0.7503964,0.73965836,0.7216094,0.70530605,0.7185371,0.7423934,0.76243114,0.73632085,0.7267802,0.7474507,0.73855907,0.778903,0.7830566,0.7850558,0.7839643,0.78736794,0.7837653,0.79592955,0.7817972,0.7746098,0.8095523,0.7629728,0.76410055,0.76673067,0.7539327,0.79171515,0.771921,0.77582604,0.8015364,0.7552561,0.7612897,0.7549327,0.74823743,0.75355786,0.76597583,0.75281936,0.768004,0.7767477,0.7657217,0.7629864,0.7489754,0.74408984,0.73855203,0.7581238,0.7769628,0.7413731,0.7380299,0.7256324,0.7476022,0.7832602,0.78977937,0.7367306,0.7558643,0.744541,0.7552422,0.78365695,0.7351387,0.7639328,0.712186,0.798388,0.7544246,0.75447774,0.793404,0.73856795,0.73548394,0.7653471,0.7689774,0.7737106,0.75593126,0.76320815,0.7391112,0.75979996,0.7347667,0.7224227,0.74187714,0.7842274,0.7558485,0.8620274,0.9999997,0.7140123,0.753896,0.75240624,0.7652503,0.7468707,0.7290322,0.7602299,0.7601289,0.7250098,0.76173925,0.76003146,0.7405762,0.72521603,0.763628,0.7308265,0.763663,0.7464199,0.7416896,0.76446724,0.6878085,0.7381655,0.73137844,0.77008885,0.7670109,0.742417,0.7617662,0.7489058,0.7509279,0.7148388,0.72525126,0.78325975,0.74254715
IW,0.7408438,0.7269385,0.72804475,0.71197784,0.72624075,0.71614087,0.69131535,0.71862775,0.73059237,0.75159895,0.7583075,0.7137648,0.7006847,0.7361885,0.69265294,0.6678092,0.7062261,0.71591616,0.71387535,0.7244939,0.71505445,0.7373198,0.71476007,0.73837274,0.7308945,0.7169,0.7244552,0.7411239,0.6960193,0.6912941,0.7785567,0.7555989,0.725044,0.7441224,0.72745216,0.7542728,0.7184824,0.7214638,0.6882088,0.70454675,0.7297679,0.7592805,0.7741016,0.7715051,0.77617025,0.7665489,0.7311259,0.72297573,0.7523483,0.7786921,0.72977436,0.75043285,0.74812555,0.7602929,0.7105915,0.7819872,0.77843755,0.76132965,0.7462153,0.7262836,0.7571954,0.7855027,0.72837216,0.799951,0.76297253,0.7691622,0.7640324,0.7653316,0.7523356,0.7485165,0.7363726,0.7643965,0.75655305,0.73362565,0.7479252,0.7837438,0.7676108,0.7566011,0.7460068,0.7911229,0.76866317,0.76948893,0.68855464,0.74424857,0.77305496,0.8177621,0.7777164,0.7838028,0.7350905,0.7488414,0.7745214,0.74618423,0.8046943,0.71314734,0.74147266,0.72591877,0.71176815,0.7048324,0.72256625,0.6950568,0.70940506,0.72119325,0.68964916,0.71306396,0.72652316,0.72824496,0.74495625,0.7269775,0.77278465,0.71651983,0.7535178,0.80453825,0.7140123,0.9999998,0.8131318,0.7852119,0.7441269,0.7732524,0.7310451,0.740608,0.7504092,0.72269636,0.7662891,0.75539535,0.8123682,0.71483135,0.7127094,0.71337265,0.73521847,0.76981306,0.7495602,0.75263786,0.7334697,0.7137245,0.71172154,0.7659011,0.73843884,0.77704155,0.77463686,0.77597094,0.72576666,0.6999408,0.72053623,0.79935366,0.6915959
BLUE,0.7703693,0.7461797,0.76908267,0.7286886,0.7617975,0.73811114,0.7565148,0.75532216,0.78373814,0.7629159,0.78661513,0.73054945,0.7343918,0.739048,0.73578155,0.712919,0.73744327,0.7265363,0.74032634,0.75510716,0.7608614,0.7493037,0.7404756,0.7500122,0.7512951,0.75122064,0.74742657,0.74802995,0.7343936,0.74183613,0.7714915,0.7760314,0.76263773,0.754249,0.73523325,0.74990135,0.7253627,0.7384862,0.73414373,0.7387282,0.7637576,0.79264367,0.78238034,0.792305,0.81321806,0.8108892,0.7702405,0.77182746,0.7769543,0.80185914,0.74525064,0.78835964,0.8012451,0.77045715,0.7389379,0.8233627,0.81051564,0.8156054,0.7854403,0.7664486,0.78207684,0.797197,0.74911207,0.83914787,0.8366566,0.809587,0.83396983,0.83046514,0.82352054,0.8091741,0.78633213,0.8335185,0.7850947,0.75436544,0.7654172,0.79177886,0.798785,0.81245553,0.76042885,0.8097587,0.7999282,0.8107255,0.6945662,0.7443436,0.8514222,0.81638217,0.8129804,0.82560873,0.84560406,0.84677655,0.8256056,0.7864708,0.7907364,0.7791874,0.7640722,0.7801219,0.7579875,0.74836457,0.74657553,0.752035,0.76391375,0.7644735,0.7330456,0.7440371,0.7566521,0.75123465,0.77231956,0.7405941,0.81396246,0.758158,0.8040898,0.82552487,0.753896,0.8131318,0.99999994,0.8291581,0.8011476,0.80124474,0.7646747,0.7987957,0.7899488,0.7564157,0.7521775,0.7758546,0.7709483,0.73008895,0.73530114,0.74600387,0.7325776,0.76435846,0.75346184,0.7563803,0.7317276,0.74137,0.7154348,0.8097174,0.7392234,0.80068845,0.7677303,0.745806,0.7075209,0.6880201,0.76117176,0.8117376,0.7131861
SY,0.7506711,0.77003825,0.7591566,0.753132,0.75851303,0.7691051,0.77488744,0.76187027,0.80703336,0.79660344,0.7903167,0.7753706,0.7879301,0.78714526,0.76694024,0.72011536,0.76958156,0.76769125,0.77013004,0.787928,0.7986328,0.7663058,0.74671006,0.78860486,0.7520812,0.782562,0.7784549,0.7990966,0.7684488,0.7452558,0.78853965,0.7652254,0.7700256,0.79739237,0.7546203,0.7593744,0.74267757,0.72615683,0.711939,0.7221127,0.7780693,0.8124761,0.805859,0.8205285,0.8506478,0.826112,0.80119437,0.7866371,0.7815578,0.7913182,0.77214456,0.77647066,0.82041216,0.8089217,0.7485486,0.8283315,0.818585,0.8440695,0.8073555,0.81123537,0.7796566,0.7765207,0.8563833,0.801012,0.7904001,0.8078116,0.7923472,0.83223975,0.8268881,0.80842996,0.7945023,0.82463205,0.7911226,0.7615708,0.785759,0.8015193,0.81112313,0.8089228,0.8006403,0.8205035,0.78180635,0.7745532,0.7157341,0.7658281,0.8235018,0.84067994,0.83279836,0.8168043,0.8007961,0.80832916,0.80655164,0.7939544,0.7956941,0.7971282,0.80133665,0.8179536,0.79957616,0.80419695,0.7876098,0.7590232,0.76370263,0.7983321,0.75612646,0.7822645,0.7846111,0.81230307,0.79700947,0.75793815,0.7853363,0.7643661,0.8025643,0.83145547,0.75240624,0.7852119,0.8291581,1.0000002,0.794415,0.82453203,0.7912549,0.81102306,0.77619064,0.7925718,0.778321,0.82481694,0.74820864,0.7673906,0.78290087,0.7404455,0.7455251,0.78458834,0.7726178,0.78966844,0.7234125,0.7487718,0.7168651,0.8068317,0.7573246,0.7430637,0.73839974,0.75781924,0.7264166,0.7133175,0.8061719,0.80520105,0.7244559
TU,0.74144477,0.7216083,0.7568784,0.744724,0.7378099,0.741513,0.7370356,0.7504557,0.730513,0.7325511,0.7553333,0.7442808,0.7382649,0.72016346,0.72831964,0.7318293,0.7414359,0.73424673,0.73175395,0.72688234,0.7576071,0.7516707,0.72480565,0.75441676,0.76291394,0.75040436,0.74792373,0.7255991,0.7472136,0.7197009,0.7467216,0.77281684,0.80775917,0.78052187,0.7835218,0.7422047,0.7462872,0.74052024,0.71834564,0.69113034,0.7528339,0.7785613,0.77485144,0.7757205,0.79111385,0.78418964,0.7579204,0.7585031,0.7693579,0.77983314,0.7403736,0.78953445,0.77105284,0.74198854,0.7593179,0.79435927,0.8044795,0.7916416,0.7567686,0.7737986,0.7594105,0.74179244,0.77683955,0.814276,0.7782234,0.78190184,0.7717222,0.80419636,0.78085023,0.7783949,0.79124945,0.7812521,0.7878958,0.75013065,0.7447943,0.7502599,0.74625576,0.7636476,0.77098686,0.79114026,0.7955611,0.80096966,0.75441885,0.78377837,0.7698236,0.7842082,0.79692614,0.79854,0.77346396,0.78671134,0.7848933,0.77262396,0.7512069,0.769919,0.7567252,0.7514986,0.7273598,0.72282577,0.72710717,0.7273208,0.7403916,0.7405108,0.7346504,0.7097582,0.7435242,0.7648276,0.78333116,0.7364578,0.79554415,0.7818146,0.78937805,0.79182655,0.7652503,0.7441269,0.8011476,0.794415,1.0,0.775507,0.7670067,0.8067113,0.7853589,0.82427543,0.7532833,0.8143243,0.7186738,0.7111124,0.73924875,0.69248855,0.7105919,0.7396411,0.7279221,0.7530097,0.7251414,0.7445494,0.723494,0.7572848,0.7476927,0.74968934,0.742347,0.7220488,0.73545825,0.71903443,0.7473842,0.80058855,0.7305427
HK,0.7463182,0.75513124,0.7307128,0.73502624,0.74791706,0.74752915,0.76032436,0.7490383,0.75838304,0.766283,0.7562183,0.7385732,0.7348132,0.7363633,0.72025937,0.69922304,0.75797117,0.73467183,0.74538165,0.7329414,0.75754124,0.7523485,0.729313,0.7566005,0.72891796,0.7577472,0.7537843,0.7963098,0.74408615,0.7020841,0.77940583,0.75777024,0.80073464,0.8220761,0.7477075,0.75646967,0.73027146,0.72162366,0.73203814,0.7419345,0.760517,0.77238536,0.77347904,0.78934634,0.8011256,0.7942953,0.79746515,0.77575135,0.78507465,0.7929696,0.7717911,0.786824,0.7910781,0.8218451,0.7756004,0.7793177,0.7719093,0.76723844,0.7575103,0.7569532,0.74536204,0.75721574,0.7519914,0.805056,0.80442625,0.81163967,0.8079467,0.7949923,0.7853453,0.7934259,0.7867547,0.7951623,0.7888974,0.768134,0.77829677,0.78833914,0.82006395,0.7853102,0.7948463,0.7829951,0.7778981,0.7874072,0.73876905,0.77014154,0.80668664,0.8140153,0.7790872,0.80249536,0.7972853,0.8082452,0.79467696,0.7984099,0.7885684,0.7786428,0.7959773,0.7691286,0.76700234,0.74134254,0.7380736,0.75882447,0.74824643,0.7577827,0.7323798,0.7449592,0.7564337,0.7764592,0.7791653,0.7674867,0.7529258,0.75110966,0.8017067,0.78606516,0.7468707,0.7732524,0.80124474,0.82453203,0.775507,1.0000001,0.7579609,0.78444254,0.7812639,0.7623681,0.77178144,0.76278615,0.7620909,0.7302866,0.75298405,0.74454516,0.7631363,0.75745267,0.7683909,0.7875651,0.7033428,0.7821248,0.7515468,0.76815456,0.75803053,0.7420362,0.7612864,0.7495924,0.754658,0.76004,0.83185756,0.78267884,0.712705
SAS,0.70803523,0.7318693,0.74543846,0.7242053,0.73647654,0.73082465,0.72776103,0.74150735,0.75789654,0.7361421,0.7472557,0.75979656,0.7566762,0.73056567,0.732356,0.7404365,0.76985383,0.73199296,0.73550284,0.7805125,0.7669865,0.7447638,0.72068477,0.7371658,0.7509393,0.72997534,0.7362271,0.6872175,0.6960063,0.7150769,0.7717132,0.71404153,0.7660111,0.7563361,0.75181377,0.7118309,0.7097128,0.71234024,0.6763396,0.70969164,0.74545735,0.7764958,0.769917,0.7670181,0.7728585,0.7874235,0.77603203,0.7650907,0.7471601,0.7621773,0.74709755,0.75897014,0.75569606,0.72897786,0.7266715,0.7917209,0.7848159,0.7888688,0.76250446,0.75958,0.7774451,0.7391204,0.76722616,0.7803261,0.7831117,0.7793163,0.7823482,0.79390967,0.7785732,0.7700311,0.8104265,0.7881955,0.7949752,0.77876407,0.7745734,0.79065853,0.77760637,0.7983552,0.8144191,0.749114,0.7520418,0.7630063,0.6907242,0.7572165,0.79190856,0.7978574,0.7871681,0.78945786,0.7744438,0.76299584,0.73537564,0.7535694,0.7266148,0.7264428,0.7431888,0.7778439,0.7538336,0.7336917,0.75731045,0.74288046,0.7481741,0.76505464,0.7410885,0.75652957,0.79902756,0.78268236,0.7979848,0.79755247,0.76169527,0.7638824,0.805026,0.76837057,0.7290322,0.7310451,0.7646747,0.7912549,0.7670067,0.7579609,1.0,0.75764644,0.7653452,0.73968345,0.758546,0.77575177,0.7484919,0.7475212,0.74820536,0.72415125,0.74026465,0.7851092,0.78428817,0.7834792,0.7075839,0.7370085,0.77943826,0.7655191,0.7486057,0.7565609,0.72390264,0.7468044,0.72572225,0.7212676,0.7220315,0.8148957,0.73269325
GYM,0.7569839,0.7318859,0.74119395,0.73327506,0.749549,0.741385,0.75188947,0.74160904,0.7531496,0.73451126,0.736565,0.7130584,0.7426233,0.73055094,0.72807676,0.74389267,0.7392375,0.7479713,0.7234334,0.73467773,0.74275804,0.72185016,0.71225816,0.73696464,0.74083865,0.74559164,0.7409514,0.7363276,0.75128454,0.7270415,0.782679,0.75310725,0.7644105,0.75671494,0.7298707,0.7344767,0.73794544,0.7210175,0.717367,0.72687954,0.743075,0.7454039,0.7431693,0.74719286,0.777747,0.7959524,0.75539416,0.7630508,0.75437033,0.7558002,0.7401846,0.7751152,0.7720249,0.7335072,0.7489089,0.7691785,0.76905406,0.7709522,0.7407912,0.7583989,0.7492353,0.7254403,0.7639793,0.78934264,0.76562065,0.7827147,0.7711837,0.7895058,0.7910062,0.7769586,0.7738548,0.79044825,0.7783679,0.7523624,0.77110934,0.76895374,0.7746429,0.8019804,0.7895586,0.74900115,0.73142254,0.7484429,0.69436044,0.7535871,0.7891564,0.7748676,0.789747,0.78891176,0.78987753,0.79027855,0.7834624,0.76602286,0.7515981,0.7664528,0.77877593,0.7637685,0.7324408,0.7185086,0.70802736,0.73902965,0.7075443,0.7350094,0.7319389,0.726612,0.7638987,0.7594119,0.77600294,0.73238474,0.767176,0.7495262,0.7832642,0.7872249,0.7602299,0.740608,0.7987957,0.81102306,0.8067113,0.78444254,0.75764644,1.0,0.79616356,0.78425056,0.75963056,0.7708585,0.7323674,0.71085364,0.7748074,0.7269451,0.74039644,0.7702466,0.74771297,0.7662247,0.728071,0.74108756,0.7582587,0.7902434,0.74813735,0.7640248,0.75630367,0.7511804,0.7534327,0.7451161,0.76344746,0.7874907,0.71701676
GLED,0.7570343,0.7470358,0.7611067,0.7327682,0.7209699,0.7342111,0.73384494,0.7449652,0.74330205,0.7429426,0.7721231,0.7293573,0.7323623,0.71465856,0.6868806,0.67586505,0.72244656,0.72502863,0.70340353,0.7161561,0.73753136,0.7306359,0.70556605,0.7374282,0.720548,0.7266594,0.7208267,0.70419455,0.7270071,0.7240422,0.745757,0.7375942,0.7461953,0.72759545,0.7397954,0.72557455,0.7031048,0.6994661,0.68109024,0.70654035,0.73680186,0.7397124,0.7647758,0.7615398,0.78523505,0.79117215,0.75773287,0.74731874,0.7862381,0.7894131,0.74019057,0.7721149,0.7790752,0.7358875,0.7565464,0.81130636,0.80080473,0.79410076,0.7837721,0.77388346,0.7465353,0.7684796,0.77003455,0.81483424,0.7674829,0.7781778,0.7695834,0.77877903,0.7661899,0.75183296,0.7366804,0.7655999,0.7477,0.72660303,0.74426687,0.76720065,0.7617466,0.7676922,0.7675735,0.77559596,0.73740375,0.7522852,0.7116726,0.7463248,0.8110451,0.7931498,0.8079517,0.8142828,0.80415016,0.812348,0.7973701,0.74816215,0.7143833,0.72484684,0.74223953,0.75704235,0.73832965,0.73923635,0.7033218,0.7369575,0.7199267,0.7485067,0.7291533,0.72761273,0.75635374,0.77315366,0.7799716,0.7074665,0.7810498,0.75209546,0.7925158,0.8032485,0.7601289,0.7504092,0.7899488,0.77619064,0.7853589,0.7812639,0.7653452,0.79616356,1.0000002,0.7893977,0.7633211,0.760144,0.7544631,0.6839283,0.82377046,0.7104129,0.7242579,0.73507345,0.7227919,0.7409973,0.66367346,0.72898775,0.7364797,0.77685064,0.7819894,0.73287433,0.74861544,0.75266457,0.7283401,0.73423153,0.7356088,0.81259006,0.6998272
MAG,0.7424334,0.7366168,0.7364947,0.7284897,0.72886467,0.7532544,0.73338294,0.73959523,0.71722984,0.72594523,0.72369117,0.7200643,0.7428371,0.72244185,0.73014265,0.73413765,0.71486545,0.76308656,0.7105663,0.7227962,0.74005073,0.71144724,0.72211045,0.7483285,0.70247877,0.7463235,0.7391517,0.71542466,0.73169243,0.723717,0.7247435,0.7174579,0.7415522,0.73934555,0.7254418,0.72708935,0.7452764,0.71805227,0.6828065,0.67513454,0.7274665,0.73678833,0.72796917,0.7195057,0.74919826,0.76731896,0.7504894,0.7013567,0.7306392,0.74870914,0.7066549,0.76843554,0.7415019,0.70160913,0.7121931,0.7746227,0.7599248,0.7626962,0.76082736,0.74317896,0.74790114,0.7178302,0.75775313,0.77426434,0.7810485,0.74163735,0.74059755,0.7979063,0.77405524,0.78850454,0.73876274,0.7767707,0.79282296,0.7258056,0.7396015,0.7680752,0.75635767,0.770903,0.7749386,0.7859327,0.75631815,0.7587075,0.74801207,0.78660727,0.7771037,0.7874932,0.79521906,0.8280578,0.76685154,0.77407485,0.7600582,0.745226,0.75965434,0.75635815,0.7836073,0.71204084,0.71060276,0.7101408,0.6737406,0.70751816,0.70600224,0.7062092,0.70263815,0.6823872,0.72165906,0.727427,0.7398634,0.70529044,0.79543376,0.7774813,0.8132814,0.7789115,0.7250098,0.72269636,0.7564157,0.7925718,0.82427543,0.7623681,0.73968345,0.78425056,0.7893977,1.0000004,0.74913895,0.7876387,0.7325309,0.69564205,0.74153423,0.7066251,0.7083409,0.74550945,0.7186154,0.7474561,0.72787935,0.75069684,0.7247874,0.7837895,0.7499625,0.72876334,0.71430093,0.69272614,0.7536474,0.7338504,0.7462655,0.78743976,0.723772
PT,0.7094209,0.73099273,0.7317181,0.7032734,0.714736,0.74194074,0.7168144,0.7231587,0.75231314,0.72887844,0.75110227,0.7182457,0.7491572,0.74534,0.7378434,0.71758306,0.74857223,0.73180515,0.7300174,0.7307308,0.740144,0.73070025,0.7038237,0.7350029,0.71182543,0.7319532,0.7329277,0.73559725,0.7492186,0.69836813,0.7510361,0.70293975,0.7310647,0.73434913,0.69504577,0.7661548,0.7686528,0.7389393,0.6908413,0.69466937,0.7272676,0.7429784,0.7565887,0.7476736,0.77392936,0.7557534,0.74465936,0.7361424,0.7553705,0.74804986,0.76913,0.7288518,0.7614238,0.74938613,0.7293262,0.7346888,0.7533963,0.7202996,0.7256225,0.72103345,0.73803324,0.73461485,0.7348089,0.7742502,0.7408031,0.74885046,0.75366354,0.7618104,0.7559333,0.76036394,0.77818465,0.77306056,0.77734935,0.77867913,0.75026095,0.76204216,0.7615417,0.77228045,0.7706948,0.7362539,0.7370453,0.73354685,0.7139033,0.7312451,0.7657528,0.74212915,0.7719587,0.7721716,0.7478984,0.76428896,0.73506683,0.7415224,0.7508329,0.75431114,0.7478702,0.7607857,0.7460981,0.74254036,0.7445495,0.72481215,0.7359169,0.7433203,0.74200916,0.7549691,0.7465422,0.73154014,0.74657553,0.7364752,0.7542954,0.73145175,0.77359176,0.78674316,0.76173925,0.7662891,0.7521775,0.778321,0.7532833,0.77178144,0.758546,0.75963056,0.7633211,0.74913895,1.0000001,0.77757174,0.77356774,0.75282216,0.7222922,0.73880506,0.74775755,0.74103785,0.7403627,0.7510204,0.72344536,0.7418883,0.7418076,0.7757778,0.73087394,0.73940825,0.7275605,0.72892827,0.72916555,0.7366172,0.76157534,0.7789192,0.6974081
NYS,0.754773,0.71506006,0.7183812,0.7256843,0.73086584,0.7412011,0.7094892,0.72545767,0.74804807,0.7216259,0.74806964,0.7735913,0.7324709,0.7237412,0.7311161,0.7029071,0.77144116,0.7197021,0.7251189,0.72610116,0.75674045,0.75578785,0.71707714,0.72814375,0.7178008,0.71813035,0.7231923,0.7386919,0.7173502,0.71421707,0.7032709,0.7469429,0.7491735,0.7344623,0.75440615,0.74524087,0.74979895,0.73545456,0.6832788,0.6848749,0.75286895,0.7660935,0.76154244,0.7736893,0.77206486,0.79441893,0.7348889,0.78881097,0.7338953,0.7582245,0.74704957,0.7657175,0.7892686,0.7206763,0.7293376,0.7834823,0.7802794,0.76941955,0.75550795,0.7401675,0.72909194,0.74097407,0.77780116,0.78523713,0.7486541,0.778388,0.8103076,0.81322426,0.8155048,0.77290946,0.79007053,0.7984172,0.78852046,0.7577522,0.79777026,0.7390237,0.73430806,0.76102185,0.7651972,0.7908189,0.7715432,0.76110476,0.73262167,0.7805706,0.775368,0.7829373,0.79204226,0.79948145,0.79741645,0.7547684,0.78153205,0.757319,0.7456837,0.74944115,0.7370625,0.8301797,0.73362374,0.7434924,0.7178104,0.75620246,0.7445686,0.76028883,0.72979915,0.71212876,0.7395632,0.79573363,0.748808,0.72541326,0.773393,0.8081552,0.7909262,0.7966701,0.76003146,0.75539535,0.7758546,0.82481694,0.8143243,0.76278615,0.77575177,0.7708585,0.760144,0.7876387,0.77757174,1.0000001,0.75211847,0.7565356,0.7691368,0.7240489,0.7080966,0.7553935,0.7390201,0.7505013,0.7183912,0.7448066,0.7006895,0.7581675,0.73803246,0.73854077,0.7364418,0.73594695,0.73754436,0.72475725,0.75863224,0.7919037,0.7219746
HAM,0.6918743,0.6988913,0.69980216,0.68273824,0.69578224,0.68932164,0.66837585,0.7069694,0.70723665,0.6937206,0.7014758,0.6851947,0.7055137,0.69530445,0.68172216,0.67224354,0.68836164,0.72905576,0.6900205,0.7052963,0.709775,0.7168325,0.68482375,0.705619,0.68516284,0.71177876,0.7059511,0.71566355,0.69821763,0.6597662,0.7629452,0.7154886,0.714463,0.747357,0.6896659,0.7265018,0.7437645,0.7131711,0.65724885,0.6747028,0.71744937,0.75035584,0.73155916,0.75023085,0.7694851,0.7700378,0.7595428,0.7197582,0.7608414,0.7453755,0.76218015,0.76277125,0.74716264,0.77134365,0.7335597,0.7475491,0.77067,0.7516873,0.73122513,0.7163768,0.76216614,0.74756366,0.71799594,0.7471435,0.76044464,0.74050146,0.75165,0.7706835,0.7777855,0.76653504,0.74470645,0.7792586,0.7697623,0.755295,0.75334334,0.7725404,0.75142443,0.7671108,0.7723318,0.746632,0.75420326,0.73887295,0.7151909,0.74101734,0.7839757,0.7717538,0.7621064,0.7973603,0.7485101,0.7635652,0.72906655,0.73847604,0.8013224,0.7199923,0.73862064,0.7273116,0.73070556,0.6818929,0.71366847,0.715215,0.70586944,0.72451574,0.73227274,0.7085196,0.7436768,0.71602523,0.738177,0.7261402,0.72904086,0.72103804,0.7903373,0.74938446,0.7405762,0.8123682,0.7709483,0.74820864,0.7186738,0.7620909,0.7484919,0.7323674,0.7544631,0.7325309,0.77356774,0.75211847,1.0000002,0.7373817,0.7258589,0.764569,0.7624457,0.7527558,0.72298944,0.7536727,0.7644589,0.7370064,0.7541199,0.7798455,0.7311976,0.774216,0.7438496,0.75744903,0.78853184,0.7592176,0.7709512,0.79782665,0.7018423
RHO,0.6944754,0.7125374,0.7295726,0.70195633,0.701901,0.69575715,0.7271918,0.7077378,0.73518276,0.7047675,0.7241145,0.7583622,0.72991526,0.7391523,0.74763733,0.7010641,0.73886406,0.71551096,0.72440815,0.7278828,0.75179523,0.7316643,0.7212486,0.7049998,0.70017433,0.7222409,0.7184599,0.721861,0.7300512,0.6969413,0.716846,0.7001891,0.74790144,0.74219275,0.6892079,0.7105062,0.73533595,0.7302151,0.7034432,0.70492196,0.7616602,0.7578194,0.72715235,0.72161424,0.7018527,0.7129666,0.7285646,0.708771,0.72608924,0.7019457,0.75199956,0.73089087,0.7099769,0.7395797,0.72296625,0.7206695,0.76102567,0.7361497,0.69315815,0.7260381,0.745909,0.7031597,0.75274855,0.74658555,0.7208954,0.72758716,0.7360591,0.7350585,0.7388319,0.7219942,0.745998,0.7731779,0.762198,0.77524376,0.73841894,0.7036408,0.7094275,0.734902,0.76025695,0.67842144,0.7129406,0.73352593,0.6997322,0.7379925,0.71685946,0.70775586,0.70769215,0.7179411,0.69791794,0.71134686,0.717202,0.7723692,0.74807787,0.7782936,0.76065314,0.7602641,0.75606847,0.7242504,0.77462626,0.75869906,0.7554064,0.7907128,0.7893685,0.75531673,0.73735523,0.7237943,0.7371571,0.73728776,0.6980652,0.75480324,0.7337959,0.71801853,0.72521603,0.71483135,0.73008895,0.7673906,0.7111124,0.7302866,0.7475212,0.71085364,0.6839283,0.69564205,0.75282216,0.7565356,0.7373817,1.0,0.73732024,0.79298526,0.7351738,0.7373599,0.76091146,0.7550035,0.68829846,0.72780097,0.7503234,0.7385984,0.7463833,0.7301043,0.69613105,0.7466334,0.7469154,0.7424505,0.7409953,0.74135345,0.7212093
ROB,0.76733583,0.7266052,0.73604095,0.75275195,0.7120617,0.7371768,0.7375884,0.7369833,0.7726477,0.7191389,0.75114846,0.75676984,0.780901,0.73366445,0.72248304,0.66960394,0.76312286,0.7243949,0.74031144,0.7313613,0.7616981,0.7588537,0.71806127,0.72920007,0.7320598,0.7358903,0.7371945,0.7022676,0.7273175,0.69860935,0.7418321,0.7498475,0.77646625,0.75049484,0.7319957,0.6943283,0.7017077,0.6843779,0.684985,0.70182645,0.74050844,0.7531615,0.7368619,0.76861656,0.7556246,0.7803073,0.7951811,0.8079047,0.7869346,0.74424607,0.7682762,0.76757586,0.76452214,0.73059464,0.7740927,0.7486494,0.7638751,0.7726822,0.77639663,0.80437464,0.7475019,0.7381003,0.82920706,0.7517669,0.7398312,0.7859051,0.7740161,0.7711269,0.75162023,0.7456269,0.7529342,0.7603624,0.7546045,0.76198494,0.7808377,0.7296525,0.72907037,0.7584599,0.7715472,0.71798855,0.725969,0.7171835,0.7299947,0.73496485,0.7703879,0.7711236,0.7810705,0.77760375,0.7918422,0.76391673,0.7655659,0.76807576,0.71795356,0.7429672,0.7529898,0.8063817,0.76565003,0.7449987,0.7561329,0.7727633,0.73862255,0.77502465,0.73337615,0.7374251,0.74681884,0.80089754,0.75500333,0.71343136,0.7100408,0.7461185,0.80225635,0.75914097,0.763628,0.7127094,0.73530114,0.78290087,0.73924875,0.75298405,0.74820536,0.7748074,0.82377046,0.74153423,0.7222922,0.7691368,0.7258589,0.73732024,1.0,0.756436,0.73522663,0.75424874,0.74897885,0.7722338,0.67300415,0.7202644,0.80064094,0.7753006,0.7793326,0.73369086,0.74127936,0.7536059,0.72959614,0.7231208,0.7192028,0.80623776,0.7221303
RHA,0.73204887,0.74119776,0.7539763,0.7585386,0.73987246,0.7097909,0.7492553,0.7453285,0.7334991,0.7292436,0.71754146,0.7539929,0.72322255,0.7391006,0.7169106,0.71874475,0.75126773,0.7229271,0.7410217,0.74289834,0.7250753,0.7380259,0.7037217,0.72118956,0.7220717,0.72439986,0.74048674,0.71285486,0.7119682,0.7283745,0.74920446,0.70759505,0.78507984,0.7353361,0.6906885,0.7121715,0.72385657,0.73580015,0.69610596,0.71424425,0.7235355,0.7799166,0.7471626,0.744545,0.7407516,0.75206083,0.7939814,0.76540667,0.7367431,0.726938,0.7448972,0.72491634,0.7191644,0.72353673,0.75029653,0.73705804,0.77537924,0.7480568,0.73846626,0.82161224,0.7709659,0.7277975,0.7643273,0.74326575,0.7412145,0.72564894,0.71288705,0.7362927,0.7311039,0.73276055,0.7348884,0.7583327,0.74389005,0.7398182,0.7518395,0.7505431,0.74043626,0.7559861,0.7610421,0.7205861,0.7358163,0.73480487,0.7379732,0.756426,0.7395623,0.72014755,0.72148794,0.7481097,0.764127,0.7681359,0.7509388,0.76212245,0.759066,0.7952233,0.78573304,0.7539732,0.78283083,0.72934765,0.7326816,0.7521208,0.7571368,0.7620696,0.7612715,0.76302844,0.7745025,0.77131164,0.75441587,0.77149254,0.71274924,0.7626017,0.7408359,0.73968124,0.7308265,0.71337265,0.74600387,0.7404455,0.69248855,0.74454516,0.72415125,0.7269451,0.7104129,0.7066251,0.73880506,0.7240489,0.764569,0.79298526,0.756436,0.99999994,0.8615897,0.7476987,0.7330008,0.7815707,0.74863505,0.7291439,0.745434,0.74147636,0.7479861,0.6972784,0.7167267,0.7111641,0.73305196,0.7471883,0.71624774,0.7690292,0.70821846
RHF,0.7276908,0.73962116,0.7383255,0.7404599,0.7387788,0.7137648,0.733443,0.7384168,0.7135054,0.73327947,0.71393126,0.72547185,0.69743884,0.7230694,0.7074088,0.7460302,0.73225224,0.71786034,0.7395304,0.7530952,0.72062874,0.75274575,0.7396936,0.72857106,0.73926973,0.7411591,0.72896844,0.71542794,0.7268383,0.7159509,0.74871284,0.7441808,0.78175235,0.7401856,0.7153809,0.7411604,0.741118,0.74402106,0.72429526,0.7438772,0.7306814,0.7541714,0.7247563,0.75898963,0.7280842,0.73501706,0.7792009,0.75855595,0.75684464,0.78003335,0.7424506,0.76230216,0.7432963,0.7616067,0.7692195,0.74219376,0.77116835,0.7678283,0.74259305,0.79764605,0.77098876,0.74705434,0.75864685,0.7457415,0.74713695,0.73796535,0.7257544,0.71563774,0.7362505,0.72515893,0.73025125,0.7444642,0.7480629,0.72945803,0.78538436,0.786378,0.7802693,0.77201074,0.80403924,0.7517556,0.71775657,0.74818426,0.73247325,0.76192284,0.7266735,0.71384037,0.725747,0.7221494,0.75873685,0.7885916,0.73331463,0.7470298,0.745009,0.77086127,0.7745372,0.75326204,0.79827076,0.73704225,0.737527,0.77821404,0.77404314,0.78280437,0.7786789,0.7942846,0.83862746,0.81013817,0.80023897,0.81120706,0.7415133,0.75830734,0.7506107,0.78409785,0.763663,0.73521847,0.7325776,0.7455251,0.7105919,0.7631363,0.74026465,0.74039644,0.7242579,0.7083409,0.74775755,0.7080966,0.7624457,0.7351738,0.73522663,0.8615897,1.0,0.76246023,0.73845357,0.7897513,0.7410427,0.7285833,0.7501298,0.7226886,0.7492745,0.6861976,0.71200097,0.71717566,0.7562474,0.7406842,0.7528017,0.78174365,0.718904
SOR,0.7596915,0.7393717,0.76021767,0.75421906,0.78702545,0.74372935,0.7498676,0.7626035,0.7779042,0.77282447,0.75740105,0.7554219,0.7506416,0.76530045,0.7480784,0.77461,0.7337647,0.7587534,0.7638012,0.8036116,0.7746885,0.78023577,0.75733554,0.7546195,0.80125177,0.76468575,0.77124065,0.72195476,0.7204036,0.7473489,0.75581145,0.79578424,0.79993343,0.79679966,0.79312855,0.7425911,0.726483,0.73698395,0.73196876,0.7570108,0.7826551,0.77602553,0.73818195,0.7832131,0.7666307,0.788625,0.7815858,0.73691815,0.7930418,0.7901161,0.7740184,0.79166794,0.75876373,0.7884463,0.75578964,0.7971172,0.8073938,0.7776189,0.77457243,0.77452254,0.84401935,0.77675945,0.775645,0.7913937,0.77188396,0.7612572,0.7502739,0.7614399,0.75021183,0.74197733,0.77031076,0.7548446,0.79839075,0.7554548,0.79700243,0.8476891,0.80215883,0.7916961,0.8212997,0.812099,0.7603761,0.77376956,0.74840945,0.7544322,0.74852383,0.75778985,0.7581903,0.75347054,0.7498788,0.7673127,0.74758714,0.77276444,0.7576133,0.758859,0.7538035,0.75063753,0.7826693,0.75524735,0.7802339,0.8077797,0.78166556,0.792153,0.7742373,0.76843405,0.79920685,0.76701367,0.79106325,0.8082482,0.7703087,0.74333197,0.81533,0.794721,0.7464199,0.76981306,0.76435846,0.78458834,0.7396411,0.75745267,0.7851092,0.7702466,0.73507345,0.74550945,0.74103785,0.7553935,0.7527558,0.7373599,0.75424874,0.7476987,0.76246023,0.99999994,0.9057809,0.8926249,0.7519729,0.7716125,0.7777925,0.779876,0.7859524,0.7548827,0.76400054,0.7547086,0.73896277,0.7197971,0.7117612,0.81789464,0.7262303
SOU,0.75271505,0.7428985,0.7645564,0.75300986,0.7620827,0.7463463,0.75031793,0.75730395,0.7724638,0.7474114,0.7607766,0.75038946,0.7503111,0.7607677,0.7386214,0.7571026,0.7347748,0.74664676,0.7377032,0.77938974,0.7667491,0.77526546,0.74914527,0.74894935,0.78431994,0.74822193,0.7611829,0.7143093,0.71608967,0.75340366,0.7396674,0.7850462,0.78136045,0.7750532,0.781421,0.71552277,0.7170976,0.7247509,0.74909806,0.765147,0.77551025,0.77319765,0.73739165,0.77716553,0.74704033,0.7578647,0.7588533,0.73601,0.7883507,0.76485676,0.7715464,0.78601605,0.74745816,0.7780693,0.7377231,0.77779377,0.77728057,0.7564656,0.76227534,0.75018,0.8086985,0.76910335,0.7734791,0.7886288,0.7630469,0.7634486,0.767006,0.7535266,0.73748523,0.7372863,0.7723819,0.7490144,0.7907558,0.7811378,0.7936668,0.797516,0.78331846,0.7883747,0.79880154,0.7357746,0.75920355,0.7732155,0.7168182,0.74452955,0.76716423,0.76289535,0.74881613,0.7547816,0.7519028,0.75461817,0.7571075,0.7911702,0.7614658,0.7603823,0.75706816,0.75344396,0.7635134,0.77151734,0.79531914,0.81920344,0.78924644,0.78702796,0.7700311,0.7671908,0.7750975,0.7384672,0.7616229,0.8037237,0.73315144,0.724006,0.7823252,0.7561979,0.7416896,0.7495602,0.75346184,0.7726178,0.7279221,0.7683909,0.78428817,0.74771297,0.7227919,0.7186154,0.7403627,0.7390201,0.72298944,0.76091146,0.74897885,0.7330008,0.73845357,0.9057809,1.0,0.853649,0.7343073,0.7547895,0.7546543,0.77073836,0.7656263,0.7422254,0.7452278,0.7679447,0.74412835,0.7250137,0.70160145,0.7887311,0.7330693
SOE,0.7205417,0.7175456,0.7262284,0.74477667,0.7433096,0.7196524,0.73390055,0.7376261,0.75694126,0.74084806,0.72422814,0.77605575,0.72927755,0.7376545,0.7237472,0.7784843,0.76262116,0.74337214,0.73916006,0.7796502,0.7569069,0.7500181,0.7277169,0.7333701,0.7658074,0.7468897,0.74823314,0.6998817,0.70813054,0.7180512,0.74849474,0.7492847,0.81948125,0.7906308,0.76645184,0.70131576,0.71269894,0.7363461,0.6968398,0.6997164,0.76025224,0.76089394,0.730385,0.7621825,0.75043607,0.77803403,0.8148089,0.7735438,0.76483536,0.753798,0.7494997,0.757922,0.7496637,0.7798499,0.79187804,0.7673321,0.7723445,0.7629717,0.74762887,0.7847209,0.80212176,0.73856175,0.79159856,0.7695638,0.7814352,0.7561008,0.75831664,0.7518195,0.7528079,0.7491839,0.7681421,0.79085636,0.78071105,0.7612591,0.77842534,0.8051664,0.8069384,0.7960856,0.8187415,0.7678914,0.7378644,0.7765367,0.7733476,0.80136883,0.74645156,0.77352047,0.7531501,0.7586846,0.7544456,0.758088,0.7599179,0.77006197,0.77357495,0.8217431,0.7984597,0.7598827,0.8065979,0.75550115,0.7770037,0.7922426,0.7769613,0.7796361,0.7552911,0.78559446,0.76654834,0.79894054,0.7730508,0.8027222,0.7455512,0.79773784,0.7920666,0.7560953,0.76446724,0.75263786,0.7563803,0.78966844,0.7530097,0.7875651,0.7834792,0.7662247,0.7409973,0.7474561,0.7510204,0.7505013,0.7536727,0.7550035,0.7722338,0.7815707,0.7897513,0.8926249,0.853649,1.0000001,0.756571,0.7699784,0.7816018,0.78577846,0.8124263,0.74275815,0.7398294,0.7562216,0.7457906,0.7459713,0.7277,0.799607,0.7404504
EUG,0.719665,0.6988734,0.71956813,0.7055114,0.718311,0.727796,0.7134411,0.7168949,0.69889116,0.71679914,0.685776,0.70207196,0.70398873,0.7052916,0.69040525,0.7165112,0.6809638,0.7245982,0.69193983,0.70833904,0.7008494,0.7094897,0.6956415,0.7095139,0.711244,0.72163975,0.7147511,0.6735532,0.6782069,0.68690395,0.7212684,0.70753264,0.6917456,0.71837103,0.6819078,0.6877183,0.70909905,0.6878641,0.70174944,0.7105971,0.6746038,0.7118292,0.67549694,0.70455825,0.7205196,0.7076251,0.7139869,0.6781415,0.7023593,0.67847836,0.70004654,0.67543644,0.67911553,0.70912063,0.669501,0.69914114,0.7092458,0.7187445,0.6935126,0.6913332,0.7352978,0.71009886,0.69826066,0.6771685,0.7020267,0.691901,0.67349094,0.7082194,0.69916826,0.695703,0.70043015,0.6974295,0.70765483,0.7094641,0.70102763,0.7034518,0.7047988,0.7271782,0.71545714,0.70252436,0.70031285,0.7014569,0.6813213,0.7029562,0.69467485,0.6960985,0.7060551,0.70633626,0.6976769,0.71161664,0.69658124,0.7166995,0.7400732,0.7381497,0.70089287,0.6928499,0.71452266,0.6778936,0.6931339,0.69437313,0.72821987,0.71549743,0.6953186,0.6972037,0.7247539,0.70483273,0.7172821,0.72436464,0.6799965,0.70064473,0.7032448,0.69025123,0.6878085,0.7334697,0.7317276,0.7234125,0.7251414,0.7033428,0.7075839,0.728071,0.66367346,0.72787935,0.72344536,0.7183912,0.7644589,0.68829846,0.67300415,0.74863505,0.7410427,0.7519729,0.7343073,0.756571,1.0000001,0.7246245,0.71683466,0.72527146,0.6961723,0.7379979,0.70888984,0.7194445,0.743917,0.7403058,0.7258668,0.72981703,0.70638764
AT,0.72728044,0.71009123,0.7163137,0.7171937,0.71244025,0.7341936,0.7396345,0.7274466,0.7235088,0.7143926,0.7187754,0.73413384,0.7328818,0.7214107,0.6958708,0.7134871,0.7157555,0.7082115,0.74015164,0.7191571,0.73187983,0.7370375,0.73058224,0.72778714,0.714601,0.73383397,0.7183257,0.7124555,0.70308155,0.71727717,0.7331859,0.74360716,0.7631975,0.7499833,0.741907,0.7073046,0.7037741,0.70314014,0.69763017,0.73713243,0.72600895,0.71826005,0.70329225,0.7411736,0.7310158,0.74558794,0.7273632,0.706239,0.71677506,0.7341871,0.7109953,0.743581,0.71145713,0.7446145,0.71583647,0.7507382,0.7293263,0.72387695,0.73555034,0.72470474,0.75062215,0.7534509,0.7336457,0.7199492,0.6985632,0.703976,0.70147574,0.7082562,0.6763915,0.7291069,0.7031304,0.71009946,0.72248137,0.7073822,0.71343976,0.74472827,0.7459551,0.7427614,0.74434346,0.7229609,0.69776624,0.71350974,0.68825376,0.70607,0.7253597,0.7292721,0.72423655,0.720031,0.6962139,0.72460806,0.7508788,0.77553296,0.8014219,0.77173054,0.777839,0.70022655,0.7153757,0.7085011,0.7430301,0.7222961,0.73870784,0.7214544,0.7083417,0.7239338,0.73221374,0.71717674,0.73998415,0.7654425,0.6974998,0.71519065,0.7472187,0.73025304,0.7381655,0.7137245,0.74137,0.7487718,0.7445494,0.7821248,0.7370085,0.74108756,0.72898775,0.75069684,0.7418883,0.7448066,0.7370064,0.72780097,0.7202644,0.7291439,0.7285833,0.7716125,0.7547895,0.7699784,0.7246245,1.0,0.7354276,0.77104825,0.73285073,0.72170144,0.7301085,0.72947824,0.77566725,0.7518446,0.74327916,0.73181367,0.681396
CRB,0.71865183,0.696743,0.7217838,0.7102325,0.69143414,0.70683396,0.7220742,0.7304989,0.7216112,0.6944461,0.6958783,0.70215935,0.7340373,0.70553005,0.71233183,0.71141374,0.70972645,0.7039731,0.68961054,0.7129881,0.74531627,0.7134161,0.68350405,0.6950108,0.6983623,0.7237845,0.7045866,0.6878583,0.7237828,0.70300806,0.7419163,0.7140112,0.76574993,0.75683796,0.7230752,0.6986582,0.71811044,0.687897,0.68350637,0.7086755,0.7560687,0.762205,0.71341956,0.729899,0.7198224,0.75937295,0.7729136,0.75933665,0.743449,0.72613746,0.7689239,0.74047244,0.70623744,0.73935163,0.72062325,0.708447,0.7143104,0.730939,0.7199956,0.72822577,0.77664196,0.6764786,0.73405695,0.71498686,0.73767614,0.7404371,0.71407014,0.7419162,0.7176521,0.71521765,0.75181484,0.7454289,0.74465805,0.773546,0.7382155,0.7343912,0.72811425,0.7566088,0.787827,0.6946332,0.6967775,0.69528174,0.7008992,0.728402,0.7458041,0.7526079,0.72926944,0.7472255,0.73180854,0.7305931,0.7299372,0.7479292,0.7465037,0.75743055,0.769822,0.7443243,0.75821406,0.7483397,0.75216615,0.76522297,0.74427897,0.7938065,0.76033276,0.7276301,0.74606735,0.7298572,0.72937024,0.72242725,0.7083752,0.74005413,0.7765747,0.71490705,0.73137844,0.71172154,0.7154348,0.7168651,0.723494,0.7515468,0.77943826,0.7582587,0.7364797,0.7247874,0.7418076,0.7006895,0.7541199,0.7503234,0.80064094,0.745434,0.7501298,0.7777925,0.7546543,0.7816018,0.71683466,0.7354276,1.0,0.7694192,0.78351104,0.74721014,0.73658264,0.75484073,0.75520134,0.76849574,0.7425228,0.79711944,0.7456701
AP,0.7252835,0.7337558,0.7486194,0.7357491,0.7197277,0.72965056,0.7295728,0.7351006,0.763733,0.74071807,0.7486511,0.7334518,0.7497054,0.7440655,0.7432078,0.7393985,0.7305581,0.7468918,0.7323547,0.7535639,0.75029945,0.7234095,0.7210812,0.74742675,0.7240062,0.74567413,0.7363774,0.71897316,0.7249185,0.7392161,0.76256895,0.73707855,0.7564768,0.74796504,0.73482025,0.72292316,0.72555816,0.7040849,0.69602054,0.70447606,0.74246716,0.78041005,0.73571527,0.74028015,0.7880972,0.79529846,0.7682272,0.75066996,0.7534214,0.74193615,0.7447714,0.78097653,0.75816417,0.73434216,0.7271261,0.80392957,0.77597183,0.78371036,0.7579448,0.77570367,0.76785344,0.73747385,0.77630043,0.77709234,0.7640922,0.7715179,0.76083446,0.7811155,0.77478725,0.76736456,0.75050914,0.8134037,0.7571004,0.7624234,0.7354306,0.76669633,0.7491807,0.77302045,0.76304746,0.77091324,0.7446582,0.77242756,0.7189422,0.76331115,0.8221043,0.8013097,0.80109215,0.8109669,0.77128214,0.7749922,0.79834,0.79185814,0.7996754,0.80438733,0.8307673,0.7518102,0.75441444,0.73763907,0.7347035,0.75750285,0.7334089,0.7538345,0.7251656,0.74072593,0.75074095,0.7541712,0.78071207,0.7583837,0.7531794,0.7490742,0.8059086,0.76602674,0.77008885,0.7659011,0.8097174,0.8068317,0.7572848,0.76815456,0.7655191,0.7902434,0.77685064,0.7837895,0.7757778,0.7581675,0.7798455,0.7385984,0.7753006,0.74147636,0.7226886,0.779876,0.77073836,0.78577846,0.72527146,0.77104825,0.7694192,1.0,0.8507397,0.76281524,0.7236706,0.74865544,0.745683,0.72296435,0.73337793,0.7887046,0.70664066
APM,0.7186848,0.7338121,0.74743503,0.7629596,0.7140367,0.71056056,0.7337764,0.7449908,0.7250211,0.7291196,0.71653396,0.7424225,0.71058285,0.71023524,0.69803023,0.7293588,0.7360661,0.7194002,0.7005769,0.7415456,0.74138016,0.7338301,0.71818084,0.73273855,0.7153083,0.73274714,0.71903694,0.6697168,0.69104785,0.7157695,0.7144382,0.72678924,0.7919737,0.75435424,0.74825317,0.70315385,0.70574677,0.7038619,0.7066222,0.7076819,0.7402353,0.7745605,0.749225,0.7463927,0.73779684,0.7821207,0.78508246,0.7741778,0.7631261,0.75648725,0.7599451,0.76447624,0.7267504,0.73342097,0.76811296,0.7739114,0.76150084,0.75048137,0.74936223,0.7933556,0.77041525,0.73648655,0.7964899,0.77284914,0.7542795,0.7597596,0.7439324,0.7664554,0.73784983,0.72954637,0.75204116,0.77503014,0.7487247,0.76195836,0.7266276,0.7623616,0.73768693,0.75859797,0.78250194,0.764899,0.72116053,0.75845313,0.7784525,0.7997724,0.760268,0.75616205,0.74488866,0.76612324,0.7542452,0.7597348,0.78164196,0.80280447,0.765277,0.81648505,0.84215105,0.7412847,0.7802178,0.7564609,0.739463,0.7648207,0.74798036,0.7872987,0.75455713,0.76451737,0.74337685,0.7829495,0.77789307,0.76291263,0.76846385,0.7986381,0.7839311,0.74695325,0.7670109,0.73843884,0.7392234,0.7573246,0.7476927,0.75803053,0.7486057,0.74813735,0.7819894,0.7499625,0.73087394,0.73803246,0.7311976,0.7463833,0.7793326,0.7479861,0.7492745,0.7859524,0.7656263,0.8124263,0.6961723,0.73285073,0.78351104,0.8507397,0.9999999,0.72751504,0.7310367,0.7365856,0.73695445,0.7143814,0.70288044,0.8006134,0.73767644
CORN,0.7080301,0.68418354,0.7101685,0.7014084,0.70460385,0.7096038,0.69671416,0.71275127,0.7280205,0.694011,0.7298578,0.70881647,0.7351135,0.71435195,0.6919004,0.7072102,0.7051424,0.70610595,0.72182083,0.6961311,0.7309756,0.73618186,0.7116092,0.7159238,0.713435,0.7182563,0.7135218,0.6878605,0.67615867,0.6853118,0.72428536,0.73931825,0.74892193,0.73788446,0.7059715,0.68294615,0.69039065,0.6717037,0.7346909,0.74285555,0.72782695,0.76108783,0.7372947,0.743541,0.73951244,0.76223314,0.7499486,0.7133899,0.76714486,0.74156666,0.7538193,0.7801156,0.7519274,0.74451214,0.754708,0.74103993,0.73526,0.72949755,0.70554656,0.701935,0.7418984,0.7245512,0.70059144,0.7564247,0.75745565,0.7405978,0.741145,0.7760747,0.75619775,0.74835265,0.73891354,0.7504541,0.7601142,0.73188287,0.7436615,0.749798,0.73727024,0.75703347,0.76290214,0.7200261,0.6993394,0.71628773,0.67885274,0.7094085,0.7764669,0.7734326,0.7722372,0.79111576,0.73112667,0.72643626,0.7431732,0.74792594,0.7514095,0.741971,0.72283614,0.73154795,0.72146326,0.7012792,0.72664773,0.7208823,0.71172476,0.7356151,0.7115397,0.7106191,0.7021927,0.68467903,0.7111491,0.6717291,0.7338825,0.7209085,0.7608994,0.75728583,0.742417,0.77704155,0.80068845,0.7430637,0.74968934,0.7420362,0.7565609,0.7640248,0.73287433,0.72876334,0.73940825,0.73854077,0.774216,0.7301043,0.73369086,0.6972784,0.6861976,0.7548827,0.7422254,0.74275815,0.7379979,0.72170144,0.74721014,0.76281524,0.72751504,1.0000002,0.8663633,0.8602164,0.738057,0.7099211,0.74776775,0.7759585,0.7078992
CORA,0.73607105,0.70533663,0.7211868,0.7154824,0.7199807,0.7228334,0.70466495,0.73469895,0.730481,0.7496603,0.76657,0.71813023,0.71851766,0.7120755,0.6745822,0.70015115,0.7218748,0.70779216,0.71998626,0.7209913,0.7365287,0.7400098,0.70302165,0.73183477,0.7196845,0.7283377,0.72476286,0.7215606,0.6974243,0.70706403,0.7010448,0.76377255,0.7657131,0.7425904,0.747253,0.74343216,0.71101665,0.7059653,0.74176615,0.77323675,0.7417395,0.7654801,0.78510964,0.7516791,0.74204564,0.7588196,0.7523912,0.7392747,0.7894153,0.80245423,0.76266617,0.8005026,0.77443165,0.76546806,0.782873,0.7868824,0.7562562,0.75656736,0.74337316,0.7484652,0.7647565,0.7722546,0.73383147,0.7865474,0.763397,0.76159805,0.74372685,0.74329287,0.72563756,0.737388,0.74031264,0.7336942,0.7381227,0.7298418,0.77296054,0.793789,0.7770469,0.7573907,0.7681755,0.7502106,0.7363646,0.73480666,0.6985137,0.70087075,0.7870115,0.7613069,0.7602409,0.768736,0.76263726,0.7609118,0.7772387,0.7502363,0.727871,0.7444487,0.7161235,0.74380654,0.73233783,0.73187166,0.7313533,0.7357894,0.7232869,0.7509325,0.71682566,0.7142662,0.7205763,0.7323437,0.73106486,0.69869643,0.7592012,0.694571,0.7581214,0.80948424,0.7617662,0.77463686,0.7677303,0.73839974,0.742347,0.7612864,0.72390264,0.75630367,0.74861544,0.71430093,0.7275605,0.7364418,0.7438496,0.69613105,0.74127936,0.7167267,0.71200097,0.76400054,0.7452278,0.7398294,0.70888984,0.7301085,0.73658264,0.7236706,0.7310367,0.8663633,1.0,0.8543291,0.71981704,0.71292275,0.7241558,0.8051342,0.68662274
CORS,0.7380252,0.72218525,0.74293095,0.721738,0.7065586,0.732882,0.7011945,0.7248248,0.7358793,0.71351653,0.75519073,0.7170608,0.7288095,0.7204038,0.6907078,0.70299584,0.7120841,0.7268375,0.713987,0.6911725,0.73303604,0.7518326,0.7084302,0.7372408,0.72644746,0.72773755,0.72643596,0.74040264,0.7426002,0.72507435,0.73053694,0.7654722,0.75028634,0.75610083,0.7443018,0.7224845,0.7101475,0.6908047,0.7364447,0.7813951,0.75176793,0.74537843,0.7402952,0.76059884,0.7419833,0.7526034,0.7421871,0.73554826,0.7823708,0.7600545,0.7772894,0.7894515,0.78116477,0.7859556,0.74718386,0.7633759,0.7730139,0.7741159,0.72447956,0.722873,0.7582176,0.7362635,0.72802293,0.7786153,0.75640714,0.7788337,0.746755,0.75345886,0.75515634,0.71956164,0.73839307,0.73972857,0.73136294,0.753322,0.7624017,0.74149686,0.7427918,0.7283769,0.7523761,0.72352254,0.7275771,0.7311976,0.6892971,0.70792115,0.77747595,0.77592593,0.7620245,0.75672084,0.74145734,0.74384844,0.7783593,0.73746306,0.7477952,0.74968636,0.72291136,0.77625996,0.77007234,0.73513615,0.7697483,0.75866175,0.75682795,0.798263,0.7648464,0.7516267,0.73875314,0.71809745,0.7480373,0.70733297,0.7297968,0.7087057,0.7498762,0.7790684,0.7489058,0.77597094,0.745806,0.75781924,0.7220488,0.7495924,0.7468044,0.7511804,0.75266457,0.69272614,0.72892827,0.73594695,0.75744903,0.7466334,0.7536059,0.7111641,0.71717566,0.7547086,0.7679447,0.7562216,0.7194445,0.72947824,0.75484073,0.74865544,0.7365856,0.8602164,0.8543291,0.9999998,0.73815703,0.7495088,0.7625481,0.774313,0.70934355
VIB,0.7201832,0.69722146,0.70660067,0.7146899,0.70768535,0.709064,0.7356173,0.7197951,0.69122815,0.6666274,0.6730308,0.69637346,0.6960269,0.69897693,0.6859017,0.7096964,0.7068646,0.7128372,0.69091535,0.67969525,0.7017011,0.7034681,0.69926065,0.71076417,0.68326443,0.7184069,0.70019937,0.65315825,0.67915756,0.6595487,0.7389573,0.71345305,0.726616,0.72659695,0.6943393,0.68657744,0.7117045,0.6908107,0.7034292,0.7097517,0.7034416,0.7049845,0.6732625,0.701217,0.6810065,0.7004593,0.7195462,0.72555864,0.75396013,0.71875906,0.7413068,0.78179324,0.74748516,0.75764716,0.73518604,0.7094984,0.74335873,0.7362366,0.74631643,0.7199484,0.77188516,0.7479745,0.74567217,0.7089371,0.6959544,0.7040156,0.7029524,0.7087207,0.7171185,0.70558196,0.71286833,0.6987871,0.7398551,0.7523304,0.73702615,0.69644535,0.72244966,0.71296287,0.74364114,0.67717147,0.68645287,0.70210266,0.6923428,0.74903715,0.7117745,0.69689476,0.7281718,0.72974193,0.7166064,0.71434426,0.71211106,0.76307285,0.7846966,0.7399038,0.7641545,0.73512053,0.7307084,0.70639664,0.73702085,0.73462445,0.7451017,0.728986,0.7343638,0.7119756,0.76961684,0.73128486,0.74532694,0.7683371,0.69101727,0.7194978,0.74281526,0.7150885,0.7509279,0.72576666,0.7075209,0.7264166,0.73545825,0.754658,0.72572225,0.7534327,0.7283401,0.7536474,0.72916555,0.73754436,0.78853184,0.7469154,0.72959614,0.73305196,0.7562474,0.73896277,0.74412835,0.7457906,0.743917,0.77566725,0.75520134,0.745683,0.73695445,0.738057,0.71981704,0.73815703,1.0000001,0.85417,0.7456586,0.75366265,0.7082517
VIBL,0.69616205,0.6921452,0.69228446,0.6841466,0.6901542,0.6908668,0.7031767,0.69984215,0.6865621,0.67651224,0.670697,0.68961334,0.67549133,0.68714964,0.6724199,0.67363036,0.68176514,0.6950263,0.665292,0.6888171,0.6829027,0.70386666,0.683499,0.69955844,0.67774606,0.7062646,0.7072401,0.6852757,0.69400114,0.69998294,0.71461993,0.7062254,0.72620654,0.73876965,0.6961475,0.6794754,0.7030219,0.67830855,0.6899825,0.7315269,0.70703846,0.71106076,0.6849483,0.7075318,0.69544804,0.7208737,0.71597975,0.7130667,0.73593175,0.7129303,0.7048854,0.72589576,0.7235826,0.74910355,0.71466213,0.7005987,0.7344633,0.7196764,0.7345474,0.6955749,0.7388569,0.696768,0.7250599,0.69752556,0.6992293,0.70857036,0.7018979,0.7111753,0.71734184,0.72406983,0.713318,0.69494337,0.7044349,0.7411632,0.7390138,0.70776796,0.7179093,0.7084795,0.73317903,0.68291456,0.68898463,0.68701535,0.67289424,0.7250886,0.7068831,0.70668274,0.7214264,0.71119726,0.729449,0.7257811,0.7092775,0.72659874,0.7411918,0.7208004,0.73873657,0.7387651,0.7328324,0.6969634,0.7329792,0.74929684,0.7421442,0.7448935,0.7397957,0.7122064,0.7488728,0.73319685,0.73928773,0.76057744,0.68514884,0.7135897,0.71772885,0.7093296,0.7148388,0.6999408,0.6880201,0.7133175,0.71903443,0.76004,0.7212676,0.7451161,0.73423153,0.7338504,0.7366172,0.72475725,0.7592176,0.7424505,0.7231208,0.7471883,0.7406842,0.7197971,0.7250137,0.7459713,0.7403058,0.7518446,0.76849574,0.72296435,0.7143814,0.7099211,0.71292275,0.7495088,0.85417,0.99999976,0.75671965,0.7336121,0.6937106
CEPH,0.7098049,0.69876695,0.6830058,0.6781504,0.6893586,0.71005905,0.7064804,0.7007409,0.7341098,0.70649415,0.70607316,0.7090098,0.7104818,0.7147876,0.6863416,0.6944286,0.7116851,0.6997503,0.71514577,0.6955623,0.7272374,0.6947085,0.7038231,0.70658654,0.67107993,0.72178996,0.6945969,0.78679574,0.7303544,0.70196474,0.74436975,0.7189114,0.73042434,0.7918204,0.7138114,0.72994447,0.7372206,0.6917496,0.7248603,0.7400177,0.724762,0.7020377,0.7011224,0.7120052,0.737334,0.7416135,0.71030384,0.7042396,0.7329457,0.7387922,0.7534731,0.7247639,0.7596758,0.8110557,0.7323601,0.72634304,0.7178451,0.75791925,0.7211699,0.69169563,0.70774865,0.7054,0.71627563,0.7135596,0.72821355,0.74166477,0.73221684,0.756401,0.77718693,0.7651044,0.7367498,0.7433542,0.7140159,0.72612745,0.73651314,0.7185631,0.73236835,0.7431867,0.74635863,0.72123814,0.7019931,0.6862369,0.6882941,0.71049994,0.75585777,0.7591014,0.75323904,0.74377275,0.72576463,0.7557257,0.709575,0.72986627,0.7489711,0.72767526,0.73204505,0.76647097,0.73542243,0.7256964,0.70684355,0.7455884,0.7327415,0.7594362,0.758758,0.70748335,0.7431457,0.7210985,0.7227584,0.6994476,0.7091468,0.71543515,0.74869335,0.75239724,0.72525126,0.72053623,0.76117176,0.8061719,0.7473842,0.83185756,0.7220315,0.76344746,0.7356088,0.7462655,0.76157534,0.75863224,0.7709512,0.7409953,0.7192028,0.71624774,0.7528017,0.7117612,0.70160145,0.7277,0.7258668,0.74327916,0.7425228,0.73337793,0.70288044,0.74776775,0.7241558,0.7625481,0.7456586,0.75671965,1.0000002,0.7395743,0.71392846
OH,0.8160814,0.79319286,0.80644226,0.8015337,0.7856605,0.7829863,0.7740911,0.8243959,0.7801327,0.78524625,0.7995297,0.7536328,0.77396876,0.7575519,0.758899,0.7191938,0.7615321,0.7672609,0.75910777,0.7799633,0.80470574,0.8178551,0.75260234,0.7907301,0.79402006,0.7932336,0.7923773,0.72586423,0.74578404,0.74645114,0.7597638,0.7675507,0.7980825,0.7735115,0.7681874,0.7879636,0.7778479,0.75949377,0.7277474,0.7543709,0.8131423,0.8343054,0.81701374,0.835208,0.7937008,0.83524483,0.8286123,0.81461227,0.8500856,0.84723485,0.80535394,0.84228706,0.808183,0.7913334,0.8124782,0.86352247,0.85824203,0.8400726,0.81542736,0.83644414,0.8419176,0.8194399,0.82583237,0.84238076,0.8422709,0.8293959,0.81452835,0.81974196,0.80368435,0.7850048,0.819785,0.82640696,0.81638783,0.7909757,0.81274533,0.83841705,0.80942804,0.80193484,0.84165967,0.84112525,0.80819803,0.8214129,0.7565522,0.8034276,0.8301039,0.81754124,0.8027781,0.8304975,0.8229756,0.8235561,0.8110392,0.81523275,0.7797712,0.78244424,0.78568184,0.79752934,0.7982659,0.78537464,0.7713493,0.79431003,0.78386825,0.821584,0.7716408,0.7632879,0.813732,0.8110541,0.81435466,0.7866553,0.8321643,0.80124485,0.83896506,0.8386751,0.78325975,0.79935366,0.8117376,0.80520105,0.80058855,0.78267884,0.8148957,0.7874907,0.81259006,0.78743976,0.7789192,0.7919037,0.79782665,0.74135345,0.80623776,0.7690292,0.78174365,0.81789464,0.7887311,0.799607,0.72981703,0.73181367,0.79711944,0.7887046,0.8006134,0.7759585,0.8051342,0.774313,0.75366265,0.7336121,0.7395743,1.0,0.76961136
U,0.7326757,0.7337925,0.7314484,0.7553545,0.73491335,0.73072183,0.7222988,0.76361614,0.7257056,0.69679785,0.7019407,0.7146771,0.7191096,0.7139354,0.7169964,0.7283932,0.7323736,0.7225659,0.71853864,0.7303959,0.7594828,0.7377779,0.71580666,0.7319809,0.7383428,0.72575146,0.7207067,0.6901729,0.7139564,0.71293324,0.72485214,0.7205537,0.752835,0.74385166,0.7413635,0.6926099,0.71540177,0.69451004,0.72107923,0.72940814,0.7901622,0.7374909,0.7149551,0.71594894,0.6870772,0.72615355,0.72380555,0.72807467,0.7346686,0.71534294,0.73155,0.7251625,0.70619744,0.7172305,0.71845245,0.71796596,0.7238319,0.7041848,0.7227456,0.7368874,0.7583093,0.7104543,0.7315066,0.72875166,0.7181598,0.71943486,0.7182335,0.7321322,0.7177388,0.7134552,0.7399339,0.72787553,0.7174808,0.7290924,0.7260375,0.7031877,0.6922854,0.7089647,0.7517856,0.68851036,0.69692504,0.70835525,0.69803154,0.74015987,0.7091322,0.7051586,0.6945381,0.7202767,0.7029051,0.71446383,0.71192193,0.73974526,0.725896,0.74443185,0.73127604,0.72100914,0.71643907,0.68632066,0.7064465,0.7193897,0.73356515,0.7619228,0.7073793,0.6971443,0.72806126,0.72981364,0.7296581,0.7140533,0.71949476,0.75342536,0.7247736,0.71521586,0.74254715,0.6915959,0.7131861,0.7244559,0.7305427,0.712705,0.73269325,0.71701676,0.6998272,0.723772,0.6974081,0.7219746,0.7018423,0.7212093,0.7221303,0.70821846,0.718904,0.7262303,0.7330693,0.7404504,0.70638764,0.681396,0.7456701,0.70664066,0.73767644,0.7078992,0.68662274,0.70934355,0.7082517,0.6937106,0.71392846,0.76961136,1.0000002
