species_code,scientific_name,common_name,functional_group,climate_zone,topographic_position,elevation_niche,moisture_regime,soil_substrate,shade_tolerance,successional_stage,formatted_description
SB,Picea mariana,Black Spruce,Coniferous needleleaf tree,Boreal to subarctic cold climates,"Lowland depressions, valley bottoms, peat bogs",Lowland to mid-elevation flat terrain,Hydric to wet-mesic,"Acidic organic peat, cold poorly drained soils",Tolerant,Climax species in peatlands,"Species: Picea mariana (Black Spruce). Taxonomy & Functional Type: Coniferous needleleaf tree. Climate Niche: Thrives in Boreal to subarctic cold climates. Topography & Elevation: Found in Lowland depressions, valley bottoms, peat bogs; Lowland to mid-elevation flat terrain. Soil & Hydrology: Prefers Hydric to wet-mesic moisture regimes and Acidic organic peat, cold poorly drained soils. Ecological Traits: Tolerant shade tolerance; Climax species in peatlands."
SW,Picea glauca,White Spruce,Coniferous needleleaf tree,Boreal to cool temperate climates,"Well-drained riverbanks, upland slopes, lake margins",Lowland terraces to upland slopes,Mesic,"Rich loams, alluvial silt, well-drained clays",Tolerant,Climax species,"Species: Picea glauca (White Spruce). Taxonomy & Functional Type: Coniferous needleleaf tree. Climate Niche: Thrives in Boreal to cool temperate climates. Topography & Elevation: Found in Well-drained riverbanks, upland slopes, lake margins; Lowland terraces to upland slopes. Soil & Hydrology: Prefers Mesic moisture regimes and Rich loams, alluvial silt, well-drained clays. Ecological Traits: Tolerant shade tolerance; Climax species."
SR,Picea rubens,Red Spruce,Coniferous needleleaf tree,Cool humid temperate climates,Cool moist mountain slopes and plateaus,Mid-to-high elevation uplands,Mesic to wet-mesic,"Acidic, cool, moist organic or sandy loams",Very tolerant,Late-successional climax species,"Species: Picea rubens (Red Spruce). Taxonomy & Functional Type: Coniferous needleleaf tree. Climate Niche: Thrives in Cool humid temperate climates. Topography & Elevation: Found in Cool moist mountain slopes and plateaus; Mid-to-high elevation uplands. Soil & Hydrology: Prefers Mesic to wet-mesic moisture regimes and Acidic, cool, moist organic or sandy loams. Ecological Traits: Very tolerant shade tolerance; Late-successional climax species."
SN,Picea abies,Norway Spruce,Coniferous needleleaf tree,Cool temperate introduced climates,"Upland plantations, moist valleys",Lowland to upland slopes,Mesic,Moist well-drained loams and clay loams,Tolerant,Mid-to-late successional species,"Species: Picea abies (Norway Spruce). Taxonomy & Functional Type: Coniferous needleleaf tree. Climate Niche: Thrives in Cool temperate introduced climates. Topography & Elevation: Found in Upland plantations, moist valleys; Lowland to upland slopes. Soil & Hydrology: Prefers Mesic moisture regimes and Moist well-drained loams and clay loams. Ecological Traits: Tolerant shade tolerance; Mid-to-late successional species."
SE,Picea engelmannii,Engelmann Spruce,Coniferous needleleaf tree,Subalpine and cold montane climates,High elevation mountain slopes and basins,Subalpine high elevation slopes,Mesic to wet-mesic,Cold moist loams and rocky gravels,Tolerant,Subalpine climax species,"Species: Picea engelmannii (Engelmann Spruce). Taxonomy & Functional Type: Coniferous needleleaf tree. Climate Niche: Thrives in Subalpine and cold montane climates. Topography & Elevation: Found in High elevation mountain slopes and basins; Subalpine high elevation slopes. Soil & Hydrology: Prefers Mesic to wet-mesic moisture regimes and Cold moist loams and rocky gravels. Ecological Traits: Tolerant shade tolerance; Subalpine climax species."
SS,Picea sitchensis,Sitka Spruce,Coniferous needleleaf tree,Cool maritime humid climates,"Coastal fog belts, alluvial lowlands",Lowland coastal plains,Wet-mesic to hydric,"Deep, moist, rich alluvial loams",Tolerant,Coastal climax species,"Species: Picea sitchensis (Sitka Spruce). Taxonomy & Functional Type: Coniferous needleleaf tree. Climate Niche: Thrives in Cool maritime humid climates. Topography & Elevation: Found in Coastal fog belts, alluvial lowlands; Lowland coastal plains. Soil & Hydrology: Prefers Wet-mesic to hydric moisture regimes and Deep, moist, rich alluvial loams. Ecological Traits: Tolerant shade tolerance; Coastal climax species."
PUN,Picea pungens,Colorado Blue Spruce,Coniferous needleleaf tree,Cool temperate planted climates,"Urban parks, windbreaks, valley streamsides",Lowland to mid-elevation plains,Mesic to dry-mesic,"Rich, moist, well-drained sandy loams",Intermediate,Early-to-mid successional species,"Species: Picea pungens (Colorado Blue Spruce). Taxonomy & Functional Type: Coniferous needleleaf tree. Climate Niche: Thrives in Cool temperate planted climates. Topography & Elevation: Found in Urban parks, windbreaks, valley streamsides; Lowland to mid-elevation plains. Soil & Hydrology: Prefers Mesic to dry-mesic moisture regimes and Rich, moist, well-drained sandy loams. Ecological Traits: Intermediate shade tolerance; Early-to-mid successional species."
SP,Picea spp.,Spruce (Unspecified),Coniferous needleleaf tree,Boreal to temperate climates,Variable lowland to upland terrain,Adaptable elevations,Mesic to hydric,Moist organic to mineral loams,Tolerant,Mid-to-late successional species,"Species: Picea spp. (Spruce (Unspecified)). Taxonomy & Functional Type: Coniferous needleleaf tree. Climate Niche: Thrives in Boreal to temperate climates. Topography & Elevation: Found in Variable lowland to upland terrain; Adaptable elevations. Soil & Hydrology: Prefers Mesic to hydric moisture regimes and Moist organic to mineral loams. Ecological Traits: Tolerant shade tolerance; Mid-to-late successional species."
PJ,Pinus banksiana,Jack Pine,Coniferous needleleaf tree,Boreal to cool temperate climates,"Dry sandy plains, rocky ridges, glaciated uplands",Upland flats and rocky crests,Xeric to dry-mesic,"Coarse sandy loams, shallow soils over bedrock",Very intolerant,Fire-adapted pioneer species,"Species: Pinus banksiana (Jack Pine). Taxonomy & Functional Type: Coniferous needleleaf tree. Climate Niche: Thrives in Boreal to cool temperate climates. Topography & Elevation: Found in Dry sandy plains, rocky ridges, glaciated uplands; Upland flats and rocky crests. Soil & Hydrology: Prefers Xeric to dry-mesic moisture regimes and Coarse sandy loams, shallow soils over bedrock. Ecological Traits: Very intolerant shade tolerance; Fire-adapted pioneer species."
PW,Pinus strobus,Eastern White Pine,Coniferous needleleaf tree,Great Lakes-St. Lawrence temperate climates,"Rolling upland hills, sandy plains, river valleys",Lowland terraces to high ridges,Dry-mesic to mesic,Well-drained sandy to loamy soils,Intermediate,Mid-to-late successional species,"Species: Pinus strobus (Eastern White Pine). Taxonomy & Functional Type: Coniferous needleleaf tree. Climate Niche: Thrives in Great Lakes-St. Lawrence temperate climates. Topography & Elevation: Found in Rolling upland hills, sandy plains, river valleys; Lowland terraces to high ridges. Soil & Hydrology: Prefers Dry-mesic to mesic moisture regimes and Well-drained sandy to loamy soils. Ecological Traits: Intermediate shade tolerance; Mid-to-late successional species."
PR,Pinus resinosa,Red Pine,Coniferous needleleaf tree,Great Lakes-St. Lawrence temperate climates,"Sandy plains, rocky ridges, dry uplands",Upland plateaus and crests,Xeric to dry-mesic,Coarse dry acidic sands and gravelly loams,Intolerant,Early-to-mid successional species,"Species: Pinus resinosa (Red Pine). Taxonomy & Functional Type: Coniferous needleleaf tree. Climate Niche: Thrives in Great Lakes-St. Lawrence temperate climates. Topography & Elevation: Found in Sandy plains, rocky ridges, dry uplands; Upland plateaus and crests. Soil & Hydrology: Prefers Xeric to dry-mesic moisture regimes and Coarse dry acidic sands and gravelly loams. Ecological Traits: Intolerant shade tolerance; Early-to-mid successional species."
PS,Pinus sylvestris,Scots Pine,Coniferous needleleaf tree,Cool temperate introduced climates,"Dry sandy plains, disturbed fields, plantations",Lowland to upland flats,Xeric to dry-mesic,"Coarse sandy loams, poor acidic soils",Intolerant,Early successional introduced species,"Species: Pinus sylvestris (Scots Pine). Taxonomy & Functional Type: Coniferous needleleaf tree. Climate Niche: Thrives in Cool temperate introduced climates. Topography & Elevation: Found in Dry sandy plains, disturbed fields, plantations; Lowland to upland flats. Soil & Hydrology: Prefers Xeric to dry-mesic moisture regimes and Coarse sandy loams, poor acidic soils. Ecological Traits: Intolerant shade tolerance; Early successional introduced species."
PI,Pinus rigida,Pitch Pine,Coniferous needleleaf tree,Warm temperate to cool temperate pockets,"Dry sandy plains, rocky crests",Upland sandy flats and crests,Xeric,"Sterile coarse acidic sands, gravelly slopes",Intolerant,Fire-dependent pioneer species,"Species: Pinus rigida (Pitch Pine). Taxonomy & Functional Type: Coniferous needleleaf tree. Climate Niche: Thrives in Warm temperate to cool temperate pockets. Topography & Elevation: Found in Dry sandy plains, rocky crests; Upland sandy flats and crests. Soil & Hydrology: Prefers Xeric moisture regimes and Sterile coarse acidic sands, gravelly slopes. Ecological Traits: Intolerant shade tolerance; Fire-dependent pioneer species."
PC,Pinus contorta,Lodgepole Pine,Coniferous needleleaf tree,Montane to boreal transition climates,"Glaciated plains, mountain slopes, sandy plateaus",Mid-to-high elevation plateaus,Xeric to mesic,"Coarse gravelly sands, shallow rocky soils",Very intolerant,Fire-dependent pioneer species,"Species: Pinus contorta (Lodgepole Pine). Taxonomy & Functional Type: Coniferous needleleaf tree. Climate Niche: Thrives in Montane to boreal transition climates. Topography & Elevation: Found in Glaciated plains, mountain slopes, sandy plateaus; Mid-to-high elevation plateaus. Soil & Hydrology: Prefers Xeric to mesic moisture regimes and Coarse gravelly sands, shallow rocky soils. Ecological Traits: Very intolerant shade tolerance; Fire-dependent pioneer species."
PL,Pinus ponderosa,Ponderosa Pine,Coniferous needleleaf tree,Dry warm temperate to continental climates,"Dry mountain slopes, foothills, sandy basins",Foothills and mid-elevation crests,Xeric to dry-mesic,"Coarse dry gravelly loams, basaltic soils",Intolerant,Climax on dry sites,"Species: Pinus ponderosa (Ponderosa Pine). Taxonomy & Functional Type: Coniferous needleleaf tree. Climate Niche: Thrives in Dry warm temperate to continental climates. Topography & Elevation: Found in Dry mountain slopes, foothills, sandy basins; Foothills and mid-elevation crests. Soil & Hydrology: Prefers Xeric to dry-mesic moisture regimes and Coarse dry gravelly loams, basaltic soils. Ecological Traits: Intolerant shade tolerance; Climax on dry sites."
PM,Pinus mugo,Mugo Pine,Coniferous shrub / small tree,Montane alpine introduced climates,"Exposed rocky slopes, ornamental plantings",Subalpine to rocky gardens,Xeric to dry-mesic,"Shallow, rocky, dry gravelly loams",Intolerant,Pioneer on alpine slopes,"Species: Pinus mugo (Mugo Pine). Taxonomy & Functional Type: Coniferous shrub / small tree. Climate Niche: Thrives in Montane alpine introduced climates. Topography & Elevation: Found in Exposed rocky slopes, ornamental plantings; Subalpine to rocky gardens. Soil & Hydrology: Prefers Xeric to dry-mesic moisture regimes and Shallow, rocky, dry gravelly loams. Ecological Traits: Intolerant shade tolerance; Pioneer on alpine slopes."
PZ,Pinus nigra,Austrian Pine,Coniferous needleleaf tree,Warm to cool temperate introduced climates,"Coastal dunes, urban windbreaks, dry slopes",Lowland to upland flats,Xeric to dry-mesic,"Alkaline limestone, dry sterile sands, clay loams",Intolerant,Early successional introduced species,"Species: Pinus nigra (Austrian Pine). Taxonomy & Functional Type: Coniferous needleleaf tree. Climate Niche: Thrives in Warm to cool temperate introduced climates. Topography & Elevation: Found in Coastal dunes, urban windbreaks, dry slopes; Lowland to upland flats. Soil & Hydrology: Prefers Xeric to dry-mesic moisture regimes and Alkaline limestone, dry sterile sands, clay loams. Ecological Traits: Intolerant shade tolerance; Early successional introduced species."
PX,Pinus monticola,Western White Pine,Coniferous needleleaf tree,Cool humid montane climates,"Moist mountain slopes, valley basins",Mid-elevation mountain slopes,Mesic to dry-mesic,"Deep, well-drained, granite loams",Intermediate,Mid-to-late successional species,"Species: Pinus monticola (Western White Pine). Taxonomy & Functional Type: Coniferous needleleaf tree. Climate Niche: Thrives in Cool humid montane climates. Topography & Elevation: Found in Moist mountain slopes, valley basins; Mid-elevation mountain slopes. Soil & Hydrology: Prefers Mesic to dry-mesic moisture regimes and Deep, well-drained, granite loams. Ecological Traits: Intermediate shade tolerance; Mid-to-late successional species."
PF,Pinus flexilis,Limber Pine,Coniferous needleleaf tree,Cold continental montane climates,"Wind-swept alpine ridges, rocky escarpments",High subalpine ridges,Xeric,"Shallow, rocky, limestone soils",Intolerant,Subalpine pioneer species,"Species: Pinus flexilis (Limber Pine). Taxonomy & Functional Type: Coniferous needleleaf tree. Climate Niche: Thrives in Cold continental montane climates. Topography & Elevation: Found in Wind-swept alpine ridges, rocky escarpments; High subalpine ridges. Soil & Hydrology: Prefers Xeric moisture regimes and Shallow, rocky, limestone soils. Ecological Traits: Intolerant shade tolerance; Subalpine pioneer species."
PA,Pinus albicaulis,Whitebark Pine,Coniferous needleleaf tree,Alpine and subarctic cold climates,"Subalpine timberlines, rocky peaks",High alpine timberline,Xeric to dry-mesic,"Coarse rocky scree, shallow granitic soils",Intolerant,Subalpine pioneer climax species,"Species: Pinus albicaulis (Whitebark Pine). Taxonomy & Functional Type: Coniferous needleleaf tree. Climate Niche: Thrives in Alpine and subarctic cold climates. Topography & Elevation: Found in Subalpine timberlines, rocky peaks; High alpine timberline. Soil & Hydrology: Prefers Xeric to dry-mesic moisture regimes and Coarse rocky scree, shallow granitic soils. Ecological Traits: Intolerant shade tolerance; Subalpine pioneer climax species."
PN,Pinus spp.,Pine (Unspecified),Coniferous needleleaf tree,Boreal to temperate climates,"Dry plains, ridges, plantations",Lowland to upland crests,Xeric to mesic,"Sandy loams, coarse gravels",Intolerant,Early-to-mid successional species,"Species: Pinus spp. (Pine (Unspecified)). Taxonomy & Functional Type: Coniferous needleleaf tree. Climate Niche: Thrives in Boreal to temperate climates. Topography & Elevation: Found in Dry plains, ridges, plantations; Lowland to upland crests. Soil & Hydrology: Prefers Xeric to mesic moisture regimes and Sandy loams, coarse gravels. Ecological Traits: Intolerant shade tolerance; Early-to-mid successional species."
BF,Abies balsamea,Balsam Fir,Coniferous needleleaf tree,Boreal to cool temperate climates,"Moist lowlands, cold mountain slopes, river valleys",Lowland flats to high mountain ridges,Mesic to hydric,Cool moist acidic organic soils and heavy loams,Very tolerant,Climax species,"Species: Abies balsamea (Balsam Fir). Taxonomy & Functional Type: Coniferous needleleaf tree. Climate Niche: Thrives in Boreal to cool temperate climates. Topography & Elevation: Found in Moist lowlands, cold mountain slopes, river valleys; Lowland flats to high mountain ridges. Soil & Hydrology: Prefers Mesic to hydric moisture regimes and Cool moist acidic organic soils and heavy loams. Ecological Traits: Very tolerant shade tolerance; Climax species."
FB,Abies fraseri,Fraser Fir,Coniferous needleleaf tree,Cool humid montane climates,High elevation mountain summits and ridges,High mountain peaks,Mesic to wet-mesic,"Cool, moist, acidic loams",Very tolerant,High-elevation climax species,"Species: Abies fraseri (Fraser Fir). Taxonomy & Functional Type: Coniferous needleleaf tree. Climate Niche: Thrives in Cool humid montane climates. Topography & Elevation: Found in High elevation mountain summits and ridges; High mountain peaks. Soil & Hydrology: Prefers Mesic to wet-mesic moisture regimes and Cool, moist, acidic loams. Ecological Traits: Very tolerant shade tolerance; High-elevation climax species."
FG,Abies grandis,Grand Fir,Coniferous needleleaf tree,Cool maritime to humid continental climates,"Valley bottoms, stream terraces, gentle slopes",Lowland to mid-elevation valleys,Mesic,"Deep, rich, moist alluvial soils",Tolerant,Late-successional species,"Species: Abies grandis (Grand Fir). Taxonomy & Functional Type: Coniferous needleleaf tree. Climate Niche: Thrives in Cool maritime to humid continental climates. Topography & Elevation: Found in Valley bottoms, stream terraces, gentle slopes; Lowland to mid-elevation valleys. Soil & Hydrology: Prefers Mesic moisture regimes and Deep, rich, moist alluvial soils. Ecological Traits: Tolerant shade tolerance; Late-successional species."
FL,Abies lasiocarpa,Subalpine Fir,Coniferous needleleaf tree,Cold alpine and subarctic climates,"High elevation mountain basins, timberline ridges",Subalpine timberlines,Mesic to wet-mesic,"Cold, moist, rocky gravelly loams",Very tolerant,Subalpine climax species,"Species: Abies lasiocarpa (Subalpine Fir). Taxonomy & Functional Type: Coniferous needleleaf tree. Climate Niche: Thrives in Cold alpine and subarctic climates. Topography & Elevation: Found in High elevation mountain basins, timberline ridges; Subalpine timberlines. Soil & Hydrology: Prefers Mesic to wet-mesic moisture regimes and Cold, moist, rocky gravelly loams. Ecological Traits: Very tolerant shade tolerance; Subalpine climax species."
FM,Abies amabilis,Pacific Silver Fir,Coniferous needleleaf tree,Cool wet maritime climates,High precipitation mountain slopes,Mid-to-high mountain slopes,Mesic to hydric,"Deep, cool, moist acidic organic loams",Very tolerant,Climax species,"Species: Abies amabilis (Pacific Silver Fir). Taxonomy & Functional Type: Coniferous needleleaf tree. Climate Niche: Thrives in Cool wet maritime climates. Topography & Elevation: Found in High precipitation mountain slopes; Mid-to-high mountain slopes. Soil & Hydrology: Prefers Mesic to hydric moisture regimes and Deep, cool, moist acidic organic loams. Ecological Traits: Very tolerant shade tolerance; Climax species."
FS,Abies concolor,White Fir,Coniferous needleleaf tree,Cool dry continental montane climates,"Mountain slopes, high plateaus",Mid-elevation mountain slopes,Mesic to dry-mesic,"Deep, rich, well-drained gravelly loams",Tolerant,Climax species,"Species: Abies concolor (White Fir). Taxonomy & Functional Type: Coniferous needleleaf tree. Climate Niche: Thrives in Cool dry continental montane climates. Topography & Elevation: Found in Mountain slopes, high plateaus; Mid-elevation mountain slopes. Soil & Hydrology: Prefers Mesic to dry-mesic moisture regimes and Deep, rich, well-drained gravelly loams. Ecological Traits: Tolerant shade tolerance; Climax species."
CE,Thuja occidentalis,Eastern White Cedar,Coniferous scale-leaf tree,Boreal and Great Lakes-St. Lawrence climates,"Limestone cliff edges, cedar swamps, riverbanks",Lowland swamps to rocky bluffs,Wet-mesic to hydric,"Alkaline calcareous soils, organic peat, moist limestone",Very tolerant,Climax species in swamps and bluffs,"Species: Thuja occidentalis (Eastern White Cedar). Taxonomy & Functional Type: Coniferous scale-leaf tree. Climate Niche: Thrives in Boreal and Great Lakes-St. Lawrence climates. Topography & Elevation: Found in Limestone cliff edges, cedar swamps, riverbanks; Lowland swamps to rocky bluffs. Soil & Hydrology: Prefers Wet-mesic to hydric moisture regimes and Alkaline calcareous soils, organic peat, moist limestone. Ecological Traits: Very tolerant shade tolerance; Climax species in swamps and bluffs."
CW,Thuja plicata,Western Redcedar,Coniferous scale-leaf tree,Cool humid maritime and inland wet-belt climates,"Moist river valleys, alluvial flats, shaded ravines",Lowland to mid-elevation valleys,Mesic to hydric,"Deep, moist, rich organic silt and clay loams",Very tolerant,Late-successional climax species,"Species: Thuja plicata (Western Redcedar). Taxonomy & Functional Type: Coniferous scale-leaf tree. Climate Niche: Thrives in Cool humid maritime and inland wet-belt climates. Topography & Elevation: Found in Moist river valleys, alluvial flats, shaded ravines; Lowland to mid-elevation valleys. Soil & Hydrology: Prefers Mesic to hydric moisture regimes and Deep, moist, rich organic silt and clay loams. Ecological Traits: Very tolerant shade tolerance; Late-successional climax species."
CY,Chamaecyparis nootkatensis,Yellow Cedar,Coniferous scale-leaf tree,Cool wet maritime alpine transition climates,"Snowpack mountain slopes, avalanche chutes, bogs",Subalpine moist slopes,Wet-mesic to hydric,"Cold organic muck, wet shallow rocky soils",Very tolerant,Subalpine climax species,"Species: Chamaecyparis nootkatensis (Yellow Cedar). Taxonomy & Functional Type: Coniferous scale-leaf tree. Climate Niche: Thrives in Cool wet maritime alpine transition climates. Topography & Elevation: Found in Snowpack mountain slopes, avalanche chutes, bogs; Subalpine moist slopes. Soil & Hydrology: Prefers Wet-mesic to hydric moisture regimes and Cold organic muck, wet shallow rocky soils. Ecological Traits: Very tolerant shade tolerance; Subalpine climax species."
CR,Juniperus virginiana,Eastern Redcedar,Coniferous scale-leaf tree,Deciduous and Carolinian warm temperate climates,"Dry limestone outcrops, abandoned pastures, sandy bluffs",Upland exposed crests and fields,Xeric to dry-mesic,"Shallow rocky limestone, alkaline dry sands",Intolerant,Pioneer species on dry limestone,"Species: Juniperus virginiana (Eastern Redcedar). Taxonomy & Functional Type: Coniferous scale-leaf tree. Climate Niche: Thrives in Deciduous and Carolinian warm temperate climates. Topography & Elevation: Found in Dry limestone outcrops, abandoned pastures, sandy bluffs; Upland exposed crests and fields. Soil & Hydrology: Prefers Xeric to dry-mesic moisture regimes and Shallow rocky limestone, alkaline dry sands. Ecological Traits: Intolerant shade tolerance; Pioneer species on dry limestone."
LA,Larix laricina,Tamarack,Deciduous coniferous tree,Boreal to subarctic cold climates,"Open bogs, fen margins, wet lowlands",Lowland depressions and flat bogs,Hydric to wet-mesic,"Wet organic peat, poorly drained cold mineral soils",Very intolerant,Pioneer species on wet bogs,"Species: Larix laricina (Tamarack). Taxonomy & Functional Type: Deciduous coniferous tree. Climate Niche: Thrives in Boreal to subarctic cold climates. Topography & Elevation: Found in Open bogs, fen margins, wet lowlands; Lowland depressions and flat bogs. Soil & Hydrology: Prefers Hydric to wet-mesic moisture regimes and Wet organic peat, poorly drained cold mineral soils. Ecological Traits: Very intolerant shade tolerance; Pioneer species on wet bogs."
LE,Larix decidua,European Larch,Deciduous coniferous tree,Cool temperate introduced climates,"Upland plantations, well-drained hillsides",Lowland to mid-elevation slopes,Mesic to dry-mesic,"Deep, well-drained loams and gravels",Very intolerant,Pioneer introduced species,"Species: Larix decidua (European Larch). Taxonomy & Functional Type: Deciduous coniferous tree. Climate Niche: Thrives in Cool temperate introduced climates. Topography & Elevation: Found in Upland plantations, well-drained hillsides; Lowland to mid-elevation slopes. Soil & Hydrology: Prefers Mesic to dry-mesic moisture regimes and Deep, well-drained loams and gravels. Ecological Traits: Very intolerant shade tolerance; Pioneer introduced species."
LW,Larix occidentalis,Western Larch,Deciduous coniferous tree,Cool humid montane climates,"Moist mountain slopes, valley benches",Mid-elevation mountain slopes,Mesic to dry-mesic,"Deep, moist, gravelly loams",Very intolerant,Fire-adapted pioneer species,"Species: Larix occidentalis (Western Larch). Taxonomy & Functional Type: Deciduous coniferous tree. Climate Niche: Thrives in Cool humid montane climates. Topography & Elevation: Found in Moist mountain slopes, valley benches; Mid-elevation mountain slopes. Soil & Hydrology: Prefers Mesic to dry-mesic moisture regimes and Deep, moist, gravelly loams. Ecological Traits: Very intolerant shade tolerance; Fire-adapted pioneer species."
LS,Larix sibirica,Siberian Larch,Deciduous coniferous tree,Severe cold continental boreal climates,"Lowland plains, river basins",Lowland plains,Mesic to wet-mesic,"Cold mineral clays and wet peat",Very intolerant,Pioneer species,"Species: Larix sibirica (Siberian Larch). Taxonomy & Functional Type: Deciduous coniferous tree. Climate Niche: Thrives in Severe cold continental boreal climates. Topography & Elevation: Found in Lowland plains, river basins; Lowland plains. Soil & Hydrology: Prefers Mesic to wet-mesic moisture regimes and Cold mineral clays and wet peat. Ecological Traits: Very intolerant shade tolerance; Pioneer species."
HE,Tsuga canadensis,Eastern Hemlock,Coniferous needleleaf tree,Great Lakes-St. Lawrence temperate climates,"Cool moist ravines, north-facing slopes, lake shores",Upland valleys and shaded slopes,Mesic to wet-mesic,"Deep, moist, highly acidic loams and organic soils",Extremely tolerant,Late-successional climax species,"Species: Tsuga canadensis (Eastern Hemlock). Taxonomy & Functional Type: Coniferous needleleaf tree. Climate Niche: Thrives in Great Lakes-St. Lawrence temperate climates. Topography & Elevation: Found in Cool moist ravines, north-facing slopes, lake shores; Upland valleys and shaded slopes. Soil & Hydrology: Prefers Mesic to wet-mesic moisture regimes and Deep, moist, highly acidic loams and organic soils. Ecological Traits: Extremely tolerant shade tolerance; Late-successional climax species."
HW,Tsuga heterophylla,Western Hemlock,Coniferous needleleaf tree,Cool wet maritime and inland rainforest climates,"Moist coastal slopes, shaded river valleys",Lowland coastal to mid-elevation slopes,Mesic to hydric,"Deep, moist, acidic organic-rich soils",Very tolerant,Climax species,"Species: Tsuga heterophylla (Western Hemlock). Taxonomy & Functional Type: Coniferous needleleaf tree. Climate Niche: Thrives in Cool wet maritime and inland rainforest climates. Topography & Elevation: Found in Moist coastal slopes, shaded river valleys; Lowland coastal to mid-elevation slopes. Soil & Hydrology: Prefers Mesic to hydric moisture regimes and Deep, moist, acidic organic-rich soils. Ecological Traits: Very tolerant shade tolerance; Climax species."
HM,Tsuga mertensiana,Mountain Hemlock,Coniferous needleleaf tree,Subalpine snowy alpine transition climates,"High elevation mountain ridges, snowfields",High subalpine timberline,Mesic to wet-mesic,"Cold, moist, shallow gravelly loams",Very tolerant,Subalpine climax species,"Species: Tsuga mertensiana (Mountain Hemlock). Taxonomy & Functional Type: Coniferous needleleaf tree. Climate Niche: Thrives in Subalpine snowy alpine transition climates. Topography & Elevation: Found in High elevation mountain ridges, snowfields; High subalpine timberline. Soil & Hydrology: Prefers Mesic to wet-mesic moisture regimes and Cold, moist, shallow gravelly loams. Ecological Traits: Very tolerant shade tolerance; Subalpine climax species."
TA,Taxus brevifolia,Pacific Yew,Coniferous evergreen understory tree,Cool wet maritime climates,"Shaded stream banks, deep moist forest ravines",Lowland to mid-elevation shaded understories,Mesic to wet-mesic,"Deep, moist, rich organic loams",Extremely tolerant,Understory climax species,"Species: Taxus brevifolia (Pacific Yew). Taxonomy & Functional Type: Coniferous evergreen understory tree. Climate Niche: Thrives in Cool wet maritime climates. Topography & Elevation: Found in Shaded stream banks, deep moist forest ravines; Lowland to mid-elevation shaded understories. Soil & Hydrology: Prefers Mesic to wet-mesic moisture regimes and Deep, moist, rich organic loams. Ecological Traits: Extremely tolerant shade tolerance; Understory climax species."
TE,Taxus canadensis,Canada Yew,Coniferous evergreen shrub,Boreal to cool temperate climates,"Shaded coniferous forests, moist swamps, riverbanks",Moist forest understory,Mesic to wet-mesic,"Cool, moist, acidic loams and peat",Extremely tolerant,Understory climax shrub,"Species: Taxus canadensis (Canada Yew). Taxonomy & Functional Type: Coniferous evergreen shrub. Climate Niche: Thrives in Boreal to cool temperate climates. Topography & Elevation: Found in Shaded coniferous forests, moist swamps, riverbanks; Moist forest understory. Soil & Hydrology: Prefers Mesic to wet-mesic moisture regimes and Cool, moist, acidic loams and peat. Ecological Traits: Extremely tolerant shade tolerance; Understory climax shrub."
OC,Coniferae spp.,Conifer (Unspecified),Coniferous tree,Boreal to temperate climates,Variable coniferous forest sites,Lowland to upland sites,Xeric to hydric,Variable mineral and organic soils,Variable,Variable successional stage,"Species: Coniferae spp. (Conifer (Unspecified)). Taxonomy & Functional Type: Coniferous tree. Climate Niche: Thrives in Boreal to temperate climates. Topography & Elevation: Found in Variable coniferous forest sites; Lowland to upland sites. Soil & Hydrology: Prefers Xeric to hydric moisture regimes and Variable mineral and organic soils. Ecological Traits: Variable shade tolerance; Variable successional stage."
PO,Populus tremuloides,Trembling Aspen,Deciduous broadleaf hardwood tree,Boreal to temperate climates,"Disturbed uplands, burn sites, forest edges",Lowland flats to high ridges,Dry-mesic to mesic,"Adaptable loams, sandy loams, shallow clays",Very intolerant,Pioneer species after fire or logging,"Species: Populus tremuloides (Trembling Aspen). Taxonomy & Functional Type: Deciduous broadleaf hardwood tree. Climate Niche: Thrives in Boreal to temperate climates. Topography & Elevation: Found in Disturbed uplands, burn sites, forest edges; Lowland flats to high ridges. Soil & Hydrology: Prefers Dry-mesic to mesic moisture regimes and Adaptable loams, sandy loams, shallow clays. Ecological Traits: Very intolerant shade tolerance; Pioneer species after fire or logging."
PL,Populus grandidentata,Largetooth Aspen,Deciduous broadleaf hardwood tree,Great Lakes-St. Lawrence temperate climates,"Sand plains, dry upland slopes, logged areas",Upland crests and upper slopes,Xeric to dry-mesic,"Coarse sandy loams, gravelly well-drained soils",Intolerant,Pioneer species on dry sands,"Species: Populus grandidentata (Largetooth Aspen). Taxonomy & Functional Type: Deciduous broadleaf hardwood tree. Climate Niche: Thrives in Great Lakes-St. Lawrence temperate climates. Topography & Elevation: Found in Sand plains, dry upland slopes, logged areas; Upland crests and upper slopes. Soil & Hydrology: Prefers Xeric to dry-mesic moisture regimes and Coarse sandy loams, gravelly well-drained soils. Ecological Traits: Intolerant shade tolerance; Pioneer species on dry sands."
PB,Populus balsamifera,Balsam Poplar,Deciduous broadleaf hardwood tree,Boreal to subarctic climates,"River floodplains, sandbars, moist lowlands",Lowland alluvial flats and stream banks,Wet-mesic to hydric,"Rich moist alluvial silt, clay, wet sand",Intolerant,Early successional floodplain species,"Species: Populus balsamifera (Balsam Poplar). Taxonomy & Functional Type: Deciduous broadleaf hardwood tree. Climate Niche: Thrives in Boreal to subarctic climates. Topography & Elevation: Found in River floodplains, sandbars, moist lowlands; Lowland alluvial flats and stream banks. Soil & Hydrology: Prefers Wet-mesic to hydric moisture regimes and Rich moist alluvial silt, clay, wet sand. Ecological Traits: Intolerant shade tolerance; Early successional floodplain species."
PD,Populus deltoides,Eastern Cottonwood,Deciduous broadleaf hardwood tree,Temperate to Carolinian climates,"Active river sandbars, floodplains, lake shores",Lowland alluvial banks,Wet-mesic to hydric,"Deep, moist, sandy and silty alluvial soils",Very intolerant,Pioneer riparian species,"Species: Populus deltoides (Eastern Cottonwood). Taxonomy & Functional Type: Deciduous broadleaf hardwood tree. Climate Niche: Thrives in Temperate to Carolinian climates. Topography & Elevation: Found in Active river sandbars, floodplains, lake shores; Lowland alluvial banks. Soil & Hydrology: Prefers Wet-mesic to hydric moisture regimes and Deep, moist, sandy and silty alluvial soils. Ecological Traits: Very intolerant shade tolerance; Pioneer riparian species."
PX,Populus x canadensis,Carolina Poplar / Hybrid Poplar,Deciduous broadleaf hardwood tree,Temperate planted climates,"Plantations, shelterbelts, floodplain margins",Lowland to mid-elevation plains,Mesic to wet-mesic,"Rich moist fertile loams and silts",Very intolerant,Early successional fast-growing hybrid,"Species: Populus x canadensis (Carolina Poplar / Hybrid Poplar). Taxonomy & Functional Type: Deciduous broadleaf hardwood tree. Climate Niche: Thrives in Temperate planted climates. Topography & Elevation: Found in Plantations, shelterbelts, floodplain margins; Lowland to mid-elevation plains. Soil & Hydrology: Prefers Mesic to wet-mesic moisture regimes and Rich moist fertile loams and silts. Ecological Traits: Very intolerant shade tolerance; Early successional fast-growing hybrid."
PA,Populus alba,White Poplar,Deciduous broadleaf hardwood tree,Temperate introduced climates,"Disturbed roadsides, old fields, river banks",Lowland to upland flats,Dry-mesic to wet-mesic,"Adaptable sandy loams, gravelly alkaline soils",Intolerant,Pioneer introduced species,"Species: Populus alba (White Poplar). Taxonomy & Functional Type: Deciduous broadleaf hardwood tree. Climate Niche: Thrives in Temperate introduced climates. Topography & Elevation: Found in Disturbed roadsides, old fields, river banks; Lowland to upland flats. Soil & Hydrology: Prefers Dry-mesic to wet-mesic moisture regimes and Adaptable sandy loams, gravelly alkaline soils. Ecological Traits: Intolerant shade tolerance; Pioneer introduced species."
BP,Populus nigra,Lombardy Poplar / Black Poplar,Deciduous broadleaf hardwood tree,Temperate introduced climates,"Urban windbreaks, field margins, roadsides",Lowland plains,Mesic,"Rich moist fertile loams",Very intolerant,Introduced ornamental species,"Species: Populus nigra (Lombardy Poplar / Black Poplar). Taxonomy & Functional Type: Deciduous broadleaf hardwood tree. Climate Niche: Thrives in Temperate introduced climates. Topography & Elevation: Found in Urban windbreaks, field margins, roadsides; Lowland plains. Soil & Hydrology: Prefers Mesic moisture regimes and Rich moist fertile loams. Ecological Traits: Very intolerant shade tolerance; Introduced ornamental species."
BW,Betula papyrifera,Paper Birch,Deciduous broadleaf hardwood tree,Boreal to temperate climates,"Burned and logged uplands, rocky slopes, lake margins",Lowland flats to high mountain ridges,Dry-mesic to mesic,"Well-drained sandy loams, rocky acidic soils",Intolerant,Pioneer species,"Species: Betula papyrifera (Paper Birch). Taxonomy & Functional Type: Deciduous broadleaf hardwood tree. Climate Niche: Thrives in Boreal to temperate climates. Topography & Elevation: Found in Burned and logged uplands, rocky slopes, lake margins; Lowland flats to high mountain ridges. Soil & Hydrology: Prefers Dry-mesic to mesic moisture regimes and Well-drained sandy loams, rocky acidic soils. Ecological Traits: Intolerant shade tolerance; Pioneer species."
BY,Betula alleghaniensis,Yellow Birch,Deciduous broadleaf hardwood tree,Great Lakes-St. Lawrence temperate climates,"Rich moist hardwood forests, cool ravines, north slopes",Mid-elevation moist uplands,Mesic to wet-mesic,"Deep, moist, rich well-drained acidic loams",Intermediate to tolerant,Late-successional species,"Species: Betula alleghaniensis (Yellow Birch). Taxonomy & Functional Type: Deciduous broadleaf hardwood tree. Climate Niche: Thrives in Great Lakes-St. Lawrence temperate climates. Topography & Elevation: Found in Rich moist hardwood forests, cool ravines, north slopes; Mid-elevation moist uplands. Soil & Hydrology: Prefers Mesic to wet-mesic moisture regimes and Deep, moist, rich well-drained acidic loams. Ecological Traits: Intermediate to tolerant shade tolerance; Late-successional species."
BT,Betula populifolia,Gray Birch,Deciduous small broadleaf tree,Cool temperate climates,"Abandoned pastures, burned sites, sterile sand plains",Lowland to upland disturbed flats,Xeric to wet-mesic,"Poor sterile sandy or gravelly acidic soils",Very intolerant,Pioneer species on poor soils,"Species: Betula populifolia (Gray Birch). Taxonomy & Functional Type: Deciduous small broadleaf tree. Climate Niche: Thrives in Cool temperate climates. Topography & Elevation: Found in Abandoned pastures, burned sites, sterile sand plains; Lowland to upland disturbed flats. Soil & Hydrology: Prefers Xeric to wet-mesic moisture regimes and Poor sterile sandy or gravelly acidic soils. Ecological Traits: Very intolerant shade tolerance; Pioneer species on poor soils."
BL,Betula lenta,Sweet Birch / Cherry Birch,Deciduous broadleaf hardwood tree,Cool humid temperate climates,"Moist mountain slopes, rocky ridges, ravines",Upland rocky slopes,Mesic,"Deep, moist, well-drained acidic loams",Intolerant to intermediate,Mid-successional species,"Species: Betula lenta (Sweet Birch / Cherry Birch). Taxonomy & Functional Type: Deciduous broadleaf hardwood tree. Climate Niche: Thrives in Cool humid temperate climates. Topography & Elevation: Found in Moist mountain slopes, rocky ridges, ravines; Upland rocky slopes. Soil & Hydrology: Prefers Mesic moisture regimes and Deep, moist, well-drained acidic loams. Ecological Traits: Intolerant to intermediate shade tolerance; Mid-successional species."
BM,Betula nigra,River Birch,Deciduous broadleaf hardwood tree,Warm temperate to Carolinian transition climates,"Stream banks, floodplains, swamp margins",Lowland alluvial riverbanks,Wet-mesic to hydric,"Moist to wet alluvial silt and acidic sandy loams",Intolerant,Pioneer riparian species,"Species: Betula nigra (River Birch). Taxonomy & Functional Type: Deciduous broadleaf hardwood tree. Climate Niche: Thrives in Warm temperate to Carolinian transition climates. Topography & Elevation: Found in Stream banks, floodplains, swamp margins; Lowland alluvial riverbanks. Soil & Hydrology: Prefers Wet-mesic to hydric moisture regimes and Moist to wet alluvial silt and acidic sandy loams. Ecological Traits: Intolerant shade tolerance; Pioneer riparian species."
BC,Betula occidentalis,Water Birch,Deciduous small tree / shrub,Montane to boreal transition climates,"Mountain stream banks, moist canyon bottoms",Montane stream corridors,Wet-mesic to hydric,"Moist gravelly and sandy alluvial soils",Intolerant,Riparian pioneer shrub,"Species: Betula occidentalis (Water Birch). Taxonomy & Functional Type: Deciduous small tree / shrub. Climate Niche: Thrives in Montane to boreal transition climates. Topography & Elevation: Found in Mountain stream banks, moist canyon bottoms; Montane stream corridors. Soil & Hydrology: Prefers Wet-mesic to hydric moisture regimes and Moist gravelly and sandy alluvial soils. Ecological Traits: Intolerant shade tolerance; Riparian pioneer shrub."
BUN,Betula pendula,European White Birch,Deciduous broadleaf tree,Cool temperate introduced climates,"Urban lawns, parks, disturbed woods",Lowland to upland urban sites,Dry-mesic to mesic,"Well-drained sandy to clay loams",Intolerant,Introduced ornamental pioneer,"Species: Betula pendula (European White Birch). Taxonomy & Functional Type: Deciduous broadleaf tree. Climate Niche: Thrives in Cool temperate introduced climates. Topography & Elevation: Found in Urban lawns, parks, disturbed woods; Lowland to upland urban sites. Soil & Hydrology: Prefers Dry-mesic to mesic moisture regimes and Well-drained sandy to clay loams. Ecological Traits: Intolerant shade tolerance; Introduced ornamental pioneer."
MH,Acer saccharum,Sugar Maple,Deciduous broadleaf hardwood tree,Great Lakes-St. Lawrence and Carolinian climates,"Rich upland hardwood forests, rolling hills",Mid-to-high upland slopes,Mesic,"Deep, rich, moist, fertile loams and silt loams",Very tolerant,Late-successional climax species,"Species: Acer saccharum (Sugar Maple). Taxonomy & Functional Type: Deciduous broadleaf hardwood tree. Climate Niche: Thrives in Great Lakes-St. Lawrence and Carolinian climates. Topography & Elevation: Found in Rich upland hardwood forests, rolling hills; Mid-to-high upland slopes. Soil & Hydrology: Prefers Mesic moisture regimes and Deep, rich, moist, fertile loams and silt loams. Ecological Traits: Very tolerant shade tolerance; Late-successional climax species."
MS,Acer rubrum,Red Maple,Deciduous broadleaf hardwood tree,Boreal to Carolinian temperate climates,"Swamps, rocky ridges, upland hardwood stands",Lowland swamps to dry mountain ridges,Hydric to xeric,Adaptable from wet organic peat to dry sandy loams,Intermediate to tolerant,Mid-successional generalist species,"Species: Acer rubrum (Red Maple). Taxonomy & Functional Type: Deciduous broadleaf hardwood tree. Climate Niche: Thrives in Boreal to Carolinian temperate climates. Topography & Elevation: Found in Swamps, rocky ridges, upland hardwood stands; Lowland swamps to dry mountain ridges. Soil & Hydrology: Prefers Hydric to xeric moisture regimes and Adaptable from wet organic peat to dry sandy loams. Ecological Traits: Intermediate to tolerant shade tolerance; Mid-successional generalist species."
AG,Acer saccharinum,Silver Maple,Deciduous broadleaf hardwood tree,Southern and central temperate climates,"Floodplains, river margins, swampy bottomlands",Lowland alluvial basins,Wet-mesic to hydric,"Rich alluvial silt, moist clays, heavy wet soils",Intolerant to intermediate,Early-to-mid successional floodplain species,"Species: Acer saccharinum (Silver Maple). Taxonomy & Functional Type: Deciduous broadleaf hardwood tree. Climate Niche: Thrives in Southern and central temperate climates. Topography & Elevation: Found in Floodplains, river margins, swampy bottomlands; Lowland alluvial basins. Soil & Hydrology: Prefers Wet-mesic to hydric moisture regimes and Rich alluvial silt, moist clays, heavy wet soils. Ecological Traits: Intolerant to intermediate shade tolerance; Early-to-mid successional floodplain species."
MB,Acer negundo,Manitoba Maple,Deciduous broadleaf hardwood tree,Temperate to boreal fringe climates,"Disturbed floodplains, stream banks, urban edges",Lowland stream banks,Mesic to wet-mesic,"Rich moist soils, adaptable clays and sands",Intolerant,Pioneer riparian species,"Species: Acer negundo (Manitoba Maple). Taxonomy & Functional Type: Deciduous broadleaf hardwood tree. Climate Niche: Thrives in Temperate to boreal fringe climates. Topography & Elevation: Found in Disturbed floodplains, stream banks, urban edges; Lowland stream banks. Soil & Hydrology: Prefers Mesic to wet-mesic moisture regimes and Rich moist soils, adaptable clays and sands. Ecological Traits: Intolerant shade tolerance; Pioneer riparian species."
MN,Acer platanoides,Norway Maple,Deciduous broadleaf hardwood tree,Temperate introduced invasive climates,"Urban woodlots, disturbed forests, ravine slopes",Lowland to mid-elevation woodlots,Mesic to dry-mesic,"Adaptable fertile loams, clays, sandy soils",Very tolerant,Invasive introduced shade-tolerant species,"Species: Acer platanoides (Norway Maple). Taxonomy & Functional Type: Deciduous broadleaf hardwood tree. Climate Niche: Thrives in Temperate introduced invasive climates. Topography & Elevation: Found in Urban woodlots, disturbed forests, ravine slopes; Lowland to mid-elevation woodlots. Soil & Hydrology: Prefers Mesic to dry-mesic moisture regimes and Adaptable fertile loams, clays, sandy soils. Ecological Traits: Very tolerant shade tolerance; Invasive introduced shade-tolerant species."
MM,Acer spicatum,Mountain Maple,Deciduous small tree / shrub,Boreal to cool temperate climates,"Cool moist woods, rocky slopes, ravines",Moist upland slopes and understories,Mesic to wet-mesic,Damp rich rocky loams,Tolerant,Understory climax species,"Species: Acer spicatum (Mountain Maple). Taxonomy & Functional Type: Deciduous small tree / shrub. Climate Niche: Thrives in Boreal to cool temperate climates. Topography & Elevation: Found in Cool moist woods, rocky slopes, ravines; Moist upland slopes and understories. Soil & Hydrology: Prefers Mesic to wet-mesic moisture regimes and Damp rich rocky loams. Ecological Traits: Tolerant shade tolerance; Understory climax species."
ST,Acer pensylvanicum,Striped Maple,Deciduous small tree / understory,Great Lakes-St. Lawrence temperate climates,"Cool moist hardwood forests, shaded ravines",Moist upland slopes,Mesic,Rich cool acidic well-drained loams,Very tolerant,Understory late-successional species,"Species: Acer pensylvanicum (Striped Maple). Taxonomy & Functional Type: Deciduous small tree / understory. Climate Niche: Thrives in Great Lakes-St. Lawrence temperate climates. Topography & Elevation: Found in Cool moist hardwood forests, shaded ravines; Moist upland slopes. Soil & Hydrology: Prefers Mesic moisture regimes and Rich cool acidic well-drained loams. Ecological Traits: Very tolerant shade tolerance; Understory late-successional species."
MP,Acer pseudoplatanus,Sycamore Maple,Deciduous broadleaf tree,Temperate introduced climates,"Coastal urban areas, parks, disturbed slopes",Lowland urban slopes,Mesic,Fertile well-drained loams,Intermediate,Introduced ornamental tree,"Species: Acer pseudoplatanus (Sycamore Maple). Taxonomy & Functional Type: Deciduous broadleaf tree. Climate Niche: Thrives in Temperate introduced climates. Topography & Elevation: Found in Coastal urban areas, parks, disturbed slopes; Lowland urban slopes. Soil & Hydrology: Prefers Mesic moisture regimes and Fertile well-drained loams. Ecological Traits: Intermediate shade tolerance; Introduced ornamental tree."
OR,Quercus rubra,Northern Red Oak,Deciduous broadleaf hardwood tree,Great Lakes-St. Lawrence and Carolinian climates,"Dry to mesic upland ridges, sandy plains, slopes",Upland crests and upper slopes,Dry-mesic to mesic,"Well-drained sandy loams, gravelly acidic loams",Intermediate,Mid-to-late successional species,"Species: Quercus rubra (Northern Red Oak). Taxonomy & Functional Type: Deciduous broadleaf hardwood tree. Climate Niche: Thrives in Great Lakes-St. Lawrence and Carolinian climates. Topography & Elevation: Found in Dry to mesic upland ridges, sandy plains, slopes; Upland crests and upper slopes. Soil & Hydrology: Prefers Dry-mesic to mesic moisture regimes and Well-drained sandy loams, gravelly acidic loams. Ecological Traits: Intermediate shade tolerance; Mid-to-late successional species."
OW,Quercus alba,White Oak,Deciduous broadleaf hardwood tree,Southern Ontario and Carolinian climates,"Upland hardwood forests, well-drained slopes, dry plains",Upland plateaus and mid-slopes,Dry-mesic to mesic,"Deep well-drained loams, sandy clay loams",Intermediate,Climax species in hardwood stands,"Species: Quercus alba (White Oak). Taxonomy & Functional Type: Deciduous broadleaf hardwood tree. Climate Niche: Thrives in Southern Ontario and Carolinian climates. Topography & Elevation: Found in Upland hardwood forests, well-drained slopes, dry plains; Upland plateaus and mid-slopes. Soil & Hydrology: Prefers Dry-mesic to mesic moisture regimes and Deep well-drained loams, sandy clay loams. Ecological Traits: Intermediate shade tolerance; Climax species in hardwood stands."
OB,Quercus macrocarpa,Bur Oak,Deciduous broadleaf hardwood tree,Southern to northwestern Ontario temperate climates,"Prairie margins, dry limestone plains, moist floodplains",Lowland floodplains to dry oak savannas,Xeric to wet-mesic,"Heavy clays, alkaline soils, coarse dry sands",Intolerant to intermediate,Early-to-mid successional savanna species,"Species: Quercus macrocarpa (Bur Oak). Taxonomy & Functional Type: Deciduous broadleaf hardwood tree. Climate Niche: Thrives in Southern to northwestern Ontario temperate climates. Topography & Elevation: Found in Prairie margins, dry limestone plains, moist floodplains; Lowland floodplains to dry oak savannas. Soil & Hydrology: Prefers Xeric to wet-mesic moisture regimes and Heavy clays, alkaline soils, coarse dry sands. Ecological Traits: Intolerant to intermediate shade tolerance; Early-to-mid successional savanna species."
OK,Quercus velutina,Black Oak,Deciduous broadleaf hardwood tree,Carolinian and southern Ontario climates,"Dry sandy plains, oak savannas, dry ridges",Upland sandy ridges,Xeric to dry-mesic,Coarse dry infertile sands and gravels,Intolerant,Mid-successional dry forest species,"Species: Quercus velutina (Black Oak). Taxonomy & Functional Type: Deciduous broadleaf hardwood tree. Climate Niche: Thrives in Carolinian and southern Ontario climates. Topography & Elevation: Found in Dry sandy plains, oak savannas, dry ridges; Upland sandy ridges. Soil & Hydrology: Prefers Xeric to dry-mesic moisture regimes and Coarse dry infertile sands and gravels. Ecological Traits: Intolerant shade tolerance; Mid-successional dry forest species."
OP,Quercus palustris,Pin Oak,Deciduous broadleaf hardwood tree,Carolinian warm temperate climates,"Wet clay flatwoods, river bottoms, depressions",Lowland clay basins,Wet-mesic to hydric,Heavy poorly drained acidic clay soils,Intolerant,Early-to-mid successional wet woods species,"Species: Quercus palustris (Pin Oak). Taxonomy & Functional Type: Deciduous broadleaf hardwood tree. Climate Niche: Thrives in Carolinian warm temperate climates. Topography & Elevation: Found in Wet clay flatwoods, river bottoms, depressions; Lowland clay basins. Soil & Hydrology: Prefers Wet-mesic to hydric moisture regimes and Heavy poorly drained acidic clay soils. Ecological Traits: Intolerant shade tolerance; Early-to-mid successional wet woods species."
OS,Quercus bicolor,Swamp White Oak,Deciduous broadleaf hardwood tree,Carolinian warm temperate climates,"Floodplains, swamp margins, wet bottomlands",Lowland alluvial flats,Hydric to wet-mesic,Poorly drained moist heavy silt and clay loams,Intermediate,Mid-to-late successional swamp species,"Species: Quercus bicolor (Swamp White Oak). Taxonomy & Functional Type: Deciduous broadleaf hardwood tree. Climate Niche: Thrives in Carolinian warm temperate climates. Topography & Elevation: Found in Floodplains, swamp margins, wet bottomlands; Lowland alluvial flats. Soil & Hydrology: Prefers Hydric to wet-mesic moisture regimes and Poorly drained moist heavy silt and clay loams. Ecological Traits: Intermediate shade tolerance; Mid-to-late successional swamp species."
OC,Quercus muehlenbergii,Chinquapin Oak,Deciduous broadleaf hardwood tree,Carolinian warm temperate climates,"Dry limestone bluffs, calcareous ridges, slopes",Upland limestone ridges,Xeric to dry-mesic,"Shallow alkaline limestone soils, gravelly loams",Intolerant to intermediate,Climax on dry limestone sites,"Species: Quercus muehlenbergii (Chinquapin Oak). Taxonomy & Functional Type: Deciduous broadleaf hardwood tree. Climate Niche: Thrives in Carolinian warm temperate climates. Topography & Elevation: Found in Dry limestone bluffs, calcareous ridges, slopes; Upland limestone ridges. Soil & Hydrology: Prefers Xeric to dry-mesic moisture regimes and Shallow alkaline limestone soils, gravelly loams. Ecological Traits: Intolerant to intermediate shade tolerance; Climax on dry limestone sites."
OE,Quercus ellipsoidalis,Northern Pin Oak / Hill's Oak,Deciduous broadleaf hardwood tree,Cool temperate continental climates,"Dry sand plains, oak barrens, rocky ridges",Upland sandy barrens,Xeric to dry-mesic,Sterile coarse acidic sands and gravels,Intolerant,Pioneer to mid-successional dry species,"Species: Quercus ellipsoidalis (Northern Pin Oak / Hill's Oak). Taxonomy & Functional Type: Deciduous broadleaf hardwood tree. Climate Niche: Thrives in Cool temperate continental climates. Topography & Elevation: Found in Dry sand plains, oak barrens, rocky ridges; Upland sandy barrens. Soil & Hydrology: Prefers Xeric to dry-mesic moisture regimes and Sterile coarse acidic sands and gravels. Ecological Traits: Intolerant shade tolerance; Pioneer to mid-successional dry species."
OX,Quercus coccinea,Scarlet Oak,Deciduous broadleaf hardwood tree,Carolinian warm temperate climates,"Dry sandy ridges, upland ridges",Upland dry crests,Xeric to dry-mesic,Light dry sandy acidic soils,Intolerant,Mid-successional dry forest species,"Species: Quercus coccinea (Scarlet Oak). Taxonomy & Functional Type: Deciduous broadleaf hardwood tree. Climate Niche: Thrives in Carolinian warm temperate climates. Topography & Elevation: Found in Dry sandy ridges, upland ridges; Upland dry crests. Soil & Hydrology: Prefers Xeric to dry-mesic moisture regimes and Light dry sandy acidic soils. Ecological Traits: Intolerant shade tolerance; Mid-successional dry forest species."
OY,Quercus montana,Chestnut Oak,Deciduous broadleaf hardwood tree,Carolinian warm temperate climates,"Dry rocky mountain ridges, sandstone bluffs",Upland rocky crests,Xeric,"Shallow, sterile, acidic rocky sandstone loams",Intermediate,Climax on rocky dry ridges,"Species: Quercus montana (Chestnut Oak). Taxonomy & Functional Type: Deciduous broadleaf hardwood tree. Climate Niche: Thrives in Carolinian warm temperate climates. Topography & Elevation: Found in Dry rocky mountain ridges, sandstone bluffs; Upland rocky crests. Soil & Hydrology: Prefers Xeric moisture regimes and Shallow, sterile, acidic rocky sandstone loams. Ecological Traits: Intermediate shade tolerance; Climax on rocky dry ridges."
OL,Quercus ilicifolia,Bear Oak / Scrub Oak,Deciduous shrub / small tree,Temperate dry climates,"Dry sandy barrens, rocky ridges",Upland dry barrens,Xeric,Coarse infertile dry sands,Intolerant,Pioneer fire shrub,"Species: Quercus ilicifolia (Bear Oak / Scrub Oak). Taxonomy & Functional Type: Deciduous shrub / small tree. Climate Niche: Thrives in Temperate dry climates. Topography & Elevation: Found in Dry sandy barrens, rocky ridges; Upland dry barrens. Soil & Hydrology: Prefers Xeric moisture regimes and Coarse infertile dry sands. Ecological Traits: Intolerant shade tolerance; Pioneer fire shrub."
AB,Fraxinus nigra,Black Ash,Deciduous broadleaf hardwood tree,Boreal to temperate climates,"Cold forested swamps, riverbanks, fen edges",Lowland swampy flats,Hydric to wet-mesic,"Wet organic muck, cold peat, wet rich silt",Intolerant,Climax species in wet swamps,"Species: Fraxinus nigra (Black Ash). Taxonomy & Functional Type: Deciduous broadleaf hardwood tree. Climate Niche: Thrives in Boreal to temperate climates. Topography & Elevation: Found in Cold forested swamps, riverbanks, fen edges; Lowland swampy flats. Soil & Hydrology: Prefers Hydric to wet-mesic moisture regimes and Wet organic muck, cold peat, wet rich silt. Ecological Traits: Intolerant shade tolerance; Climax species in wet swamps."
AW,Fraxinus americana,White Ash,Deciduous broadleaf hardwood tree,Great Lakes-St. Lawrence and Carolinian climates,"Rich upland hardwood forests, well-drained slopes",Mid-elevation upland slopes,Mesic,"Deep, rich, moist, fertile well-drained loams",Intolerant to intermediate,Mid-to-late successional species,"Species: Fraxinus americana (White Ash). Taxonomy & Functional Type: Deciduous broadleaf hardwood tree. Climate Niche: Thrives in Great Lakes-St. Lawrence and Carolinian climates. Topography & Elevation: Found in Rich upland hardwood forests, well-drained slopes; Mid-elevation upland slopes. Soil & Hydrology: Prefers Mesic moisture regimes and Deep, rich, moist, fertile well-drained loams. Ecological Traits: Intolerant to intermediate shade tolerance; Mid-to-late successional species."
AX,Fraxinus pennsylvanica,Green Ash,Deciduous broadleaf hardwood tree,Southern and central Ontario climates,"Floodplains, stream banks, moist woods",Lowland alluvial banks,Wet-mesic to mesic,"Moist rich alluvial soils, adaptable clays",Intolerant,Early-to-mid successional riparian species,"Species: Fraxinus pennsylvanica (Green Ash). Taxonomy & Functional Type: Deciduous broadleaf hardwood tree. Climate Niche: Thrives in Southern and central Ontario climates. Topography & Elevation: Found in Floodplains, stream banks, moist woods; Lowland alluvial banks. Soil & Hydrology: Prefers Wet-mesic to mesic moisture regimes and Moist rich alluvial soils, adaptable clays. Ecological Traits: Intolerant shade tolerance; Early-to-mid successional riparian species."
AH,Fraxinus quadrangulata,Blue Ash,Deciduous broadleaf hardwood tree,Carolinian warm temperate climates,"Dry limestone ridges, calcareous clay plains",Upland limestone plains,Dry-mesic to mesic,"Shallow alkaline limestone soils and heavy clay loams",Intolerant to intermediate,Mid-successional species on limestone,"Species: Fraxinus quadrangulata (Blue Ash). Taxonomy & Functional Type: Deciduous broadleaf hardwood tree. Climate Niche: Thrives in Carolinian warm temperate climates. Topography & Elevation: Found in Dry limestone ridges, calcareous clay plains; Upland limestone plains. Soil & Hydrology: Prefers Dry-mesic to mesic moisture regimes and Shallow alkaline limestone soils and heavy clay loams. Ecological Traits: Intolerant to intermediate shade tolerance; Mid-successional species on limestone."
AM,Fraxinus spp.,Ash (Unspecified),Deciduous broadleaf tree,Temperate climates,Variable lowland swamps to upland slopes,Lowland to upland,Wet-mesic to mesic,Moist loams and alluvial silts,Intolerant to intermediate,Mid-successional species,"Species: Fraxinus spp. (Ash (Unspecified)). Taxonomy & Functional Type: Deciduous broadleaf tree. Climate Niche: Thrives in Temperate climates. Topography & Elevation: Found in Variable lowland swamps to upland slopes; Lowland to upland. Soil & Hydrology: Prefers Wet-mesic to mesic moisture regimes and Moist loams and alluvial silts. Ecological Traits: Intolerant to intermediate shade tolerance; Mid-successional species."
EA,Ulmus americana,American Elm,Deciduous broadleaf hardwood tree,Great Lakes-St. Lawrence and Carolinian climates,"River floodplains, rich bottomlands, moist uplands",Lowland stream banks and flats,Wet-mesic to mesic,"Deep, rich, moist alluvial silts and heavy clays",Intermediate,Mid-successional floodplain species,"Species: Ulmus americana (American Elm). Taxonomy & Functional Type: Deciduous broadleaf hardwood tree. Climate Niche: Thrives in Great Lakes-St. Lawrence and Carolinian climates. Topography & Elevation: Found in River floodplains, rich bottomlands, moist uplands; Lowland stream banks and flats. Soil & Hydrology: Prefers Wet-mesic to mesic moisture regimes and Deep, rich, moist alluvial silts and heavy clays. Ecological Traits: Intermediate shade tolerance; Mid-successional floodplain species."
ER,Ulmus thomasii,Rock Elm,Deciduous broadleaf hardwood tree,Southern and eastern Ontario climates,"Rocky limestone ridges, heavy clay slopes",Upland limestone crests,Dry-mesic to mesic,"Heavy clay soils, shallow calcareous rocky loams",Intermediate,Mid-to-late successional species,"Species: Ulmus thomasii (Rock Elm). Taxonomy & Functional Type: Deciduous broadleaf hardwood tree. Climate Niche: Thrives in Southern and eastern Ontario climates. Topography & Elevation: Found in Rocky limestone ridges, heavy clay slopes; Upland limestone crests. Soil & Hydrology: Prefers Dry-mesic to mesic moisture regimes and Heavy clay soils, shallow calcareous rocky loams. Ecological Traits: Intermediate shade tolerance; Mid-to-late successional species."
ES,Ulmus rubra,Slippery Elm,Deciduous broadleaf hardwood tree,Southern Ontario climates,"Moist ravines, stream banks, rich lower slopes",Lowland terraces and lower slopes,Mesic to wet-mesic,Rich fertile well-drained moist silt loams,Intermediate,Mid-successional species,"Species: Ulmus rubra (Slippery Elm). Taxonomy & Functional Type: Deciduous broadleaf hardwood tree. Climate Niche: Thrives in Southern Ontario climates. Topography & Elevation: Found in Moist ravines, stream banks, rich lower slopes; Lowland terraces and lower slopes. Soil & Hydrology: Prefers Mesic to wet-mesic moisture regimes and Rich fertile well-drained moist silt loams. Ecological Traits: Intermediate shade tolerance; Mid-successional species."
EU,Ulmus pumila / Ulmus procera,Siberian Elm / English Elm,Deciduous broadleaf tree,Temperate introduced climates,"Disturbed roadsides, shelterbelts, urban waste sites",Lowland plains,Dry-mesic to mesic,"Poor, dry, alkaline or compacted clay soils",Intolerant,Pioneer introduced species,"Species: Ulmus pumila / Ulmus procera (Siberian Elm / English Elm). Taxonomy & Functional Type: Deciduous broadleaf tree. Climate Niche: Thrives in Temperate introduced climates. Topography & Elevation: Found in Disturbed roadsides, shelterbelts, urban waste sites; Lowland plains. Soil & Hydrology: Prefers Dry-mesic to mesic moisture regimes and Poor, dry, alkaline or compacted clay soils. Ecological Traits: Intolerant shade tolerance; Pioneer introduced species."
EX,Ulmus glabra,Wych Elm,Deciduous broadleaf tree,Cool temperate introduced climates,"Moist mountain valleys, urban parks",Lowland to mid-elevation slopes,Mesic,Deep rich moist calcareous loams,Intermediate,Introduced ornamental species,"Species: Ulmus glabra (Wych Elm). Taxonomy & Functional Type: Deciduous broadleaf tree. Climate Niche: Thrives in Cool temperate introduced climates. Topography & Elevation: Found in Moist mountain valleys, urban parks; Lowland to mid-elevation slopes. Soil & Hydrology: Prefers Mesic moisture regimes and Deep rich moist calcareous loams. Ecological Traits: Intermediate shade tolerance; Introduced ornamental species."
HB,Carya cordiformis,Bitternut Hickory,Deciduous broadleaf hardwood tree,Southern and central Ontario climates,"Rich moist bottomlands, river banks, fertile slopes",Lowland flats to lower slopes,Mesic to wet-mesic,Rich moist silts and well-drained loams,Intolerant,Mid-to-late successional species,"Species: Carya cordiformis (Bitternut Hickory). Taxonomy & Functional Type: Deciduous broadleaf hardwood tree. Climate Niche: Thrives in Southern and central Ontario climates. Topography & Elevation: Found in Rich moist bottomlands, river banks, fertile slopes; Lowland flats to lower slopes. Soil & Hydrology: Prefers Mesic to wet-mesic moisture regimes and Rich moist silts and well-drained loams. Ecological Traits: Intolerant shade tolerance; Mid-to-late successional species."
HS,Carya ovata,Shagbark Hickory,Deciduous broadleaf hardwood tree,Southern Ontario and Carolinian climates,"Well-drained upland slopes, rich hardwood stands",Upland mid-slopes and crests,Dry-mesic to mesic,"Deep, rich, well-drained loams and heavy clays",Intolerant,Mid-to-late successional species,"Species: Carya ovata (Shagbark Hickory). Taxonomy & Functional Type: Deciduous broadleaf hardwood tree. Climate Niche: Thrives in Southern Ontario and Carolinian climates. Topography & Elevation: Found in Well-drained upland slopes, rich hardwood stands; Upland mid-slopes and crests. Soil & Hydrology: Prefers Dry-mesic to mesic moisture regimes and Deep, rich, well-drained loams and heavy clays. Ecological Traits: Intolerant shade tolerance; Mid-to-late successional species."
HC,Carya laciniosa,Shellbark Hickory,Deciduous broadleaf hardwood tree,Carolinian warm temperate climates,"Moist river floodplains, clay flatwoods, swamps",Lowland alluvial floodplains,Wet-mesic to hydric,"Deep, rich, heavy alluvial clay and silt loams",Intolerant to intermediate,Late-successional floodplain species,"Species: Carya laciniosa (Shellbark Hickory). Taxonomy & Functional Type: Deciduous broadleaf hardwood tree. Climate Niche: Thrives in Carolinian warm temperate climates. Topography & Elevation: Found in Moist river floodplains, clay flatwoods, swamps; Lowland alluvial floodplains. Soil & Hydrology: Prefers Wet-mesic to hydric moisture regimes and Deep, rich, heavy alluvial clay and silt loams. Ecological Traits: Intolerant to intermediate shade tolerance; Late-successional floodplain species."
HG,Carya glabra,Pignut Hickory,Deciduous broadleaf hardwood tree,Carolinian warm temperate climates,"Dry upland ridges, well-drained hardwood slopes",Upland ridges,Dry-mesic to xeric,Well-drained dry loams and gravelly acidic soils,Intolerant to intermediate,Mid-to-late successional species,"Species: Carya glabra (Pignut Hickory). Taxonomy & Functional Type: Deciduous broadleaf hardwood tree. Climate Niche: Thrives in Carolinian warm temperate climates. Topography & Elevation: Found in Dry upland ridges, well-drained hardwood slopes; Upland ridges. Soil & Hydrology: Prefers Dry-mesic to xeric moisture regimes and Well-drained dry loams and gravelly acidic soils. Ecological Traits: Intolerant to intermediate shade tolerance; Mid-to-late successional species."
WB,Juglans nigra,Black Walnut,Deciduous broadleaf hardwood tree,Carolinian and southern Ontario climates,"Rich alluvial bottomlands, fertile lower slopes",Lowland alluvial flats,Mesic,"Deep, rich, moist, well-drained fertile loams",Intolerant,Early-to-mid successional species,"Species: Juglans nigra (Black Walnut). Taxonomy & Functional Type: Deciduous broadleaf hardwood tree. Climate Niche: Thrives in Carolinian and southern Ontario climates. Topography & Elevation: Found in Rich alluvial bottomlands, fertile lower slopes; Lowland alluvial flats. Soil & Hydrology: Prefers Mesic moisture regimes and Deep, rich, moist, well-drained fertile loams. Ecological Traits: Intolerant shade tolerance; Early-to-mid successional species."
BU,Juglans cinerea,Butternut,Deciduous broadleaf hardwood tree,Southern and eastern Ontario climates,"River floodplains, rocky ravines, moist slopes",Lowland terraces and lower slopes,Mesic,"Rich, moist, well-drained loams and limestone soils",Intolerant,Early-to-mid successional species,"Species: Juglans cinerea (Butternut). Taxonomy & Functional Type: Deciduous broadleaf hardwood tree. Climate Niche: Thrives in Southern and eastern Ontario climates. Topography & Elevation: Found in River floodplains, rocky ravines, moist slopes; Lowland terraces and lower slopes. Soil & Hydrology: Prefers Mesic moisture regimes and Rich, moist, well-drained loams and limestone soils. Ecological Traits: Intolerant shade tolerance; Early-to-mid successional species."
CB,Prunus serotina,Black Cherry,Deciduous broadleaf hardwood tree,Great Lakes-St. Lawrence and Carolinian climates,"Hardwood fence rows, rich forest gaps, upland slopes",Upland plateaus and mid-slopes,Dry-mesic to mesic,"Deep, fertile, well-drained moist loams",Intolerant,Early-to-mid successional species,"Species: Prunus serotina (Black Cherry). Taxonomy & Functional Type: Deciduous broadleaf hardwood tree. Climate Niche: Thrives in Great Lakes-St. Lawrence and Carolinian climates. Topography & Elevation: Found in Hardwood fence rows, rich forest gaps, upland slopes; Upland plateaus and mid-slopes. Soil & Hydrology: Prefers Dry-mesic to mesic moisture regimes and Deep, fertile, well-drained moist loams. Ecological Traits: Intolerant shade tolerance; Early-to-mid successional species."
CP,Prunus pensylvanica,Pin Cherry,Deciduous broadleaf small tree,Boreal to temperate climates,"Burned lands, logged clearings, forest gaps",Lowland to upland clearings,Dry-mesic to mesic,Coarse sandy or rocky acidic loams,Very intolerant,Pioneer species after disturbance,"Species: Prunus pensylvanica (Pin Cherry). Taxonomy & Functional Type: Deciduous broadleaf small tree. Climate Niche: Thrives in Boreal to temperate climates. Topography & Elevation: Found in Burned lands, logged clearings, forest gaps; Lowland to upland clearings. Soil & Hydrology: Prefers Dry-mesic to mesic moisture regimes and Coarse sandy or rocky acidic loams. Ecological Traits: Very intolerant shade tolerance; Pioneer species after disturbance."
CV,Prunus virginiana,Chokecherry,Deciduous small tree / shrub,Boreal to Carolinian climates,"Forest edges, fencerows, thickets, rocky slopes",Adaptable clearings and borders,Dry-mesic to mesic,"Adaptable sandy, loamy, and rocky soils",Intermediate,Pioneer shrub,"Species: Prunus virginiana (Chokecherry). Taxonomy & Functional Type: Deciduous small tree / shrub. Climate Niche: Thrives in Boreal to Carolinian climates. Topography & Elevation: Found in Forest edges, fencerows, thickets, rocky slopes; Adaptable clearings and borders. Soil & Hydrology: Prefers Dry-mesic to mesic moisture regimes and Adaptable sandy, loamy, and rocky soils. Ecological Traits: Intermediate shade tolerance; Pioneer shrub."
CD,Prunus padus,European Bird Cherry,Deciduous tree / shrub,Cool temperate introduced climates,"Urban parks, ravines, moist stream thickets",Lowland moist woods,Mesic to wet-mesic,"Moist, rich, well-drained loams",Intermediate to tolerant,Introduced naturalized shrub,"Species: Prunus padus (European Bird Cherry). Taxonomy & Functional Type: Deciduous tree / shrub. Climate Niche: Thrives in Cool temperate introduced climates. Topography & Elevation: Found in Urban parks, ravines, moist stream thickets; Lowland moist woods. Soil & Hydrology: Prefers Mesic to wet-mesic moisture regimes and Moist, rich, well-drained loams. Ecological Traits: Intermediate to tolerant shade tolerance; Introduced naturalized shrub."
CH,Prunus avium,Sweet Cherry / Mazzard,Deciduous broadleaf tree,Warm temperate introduced climates,"Abandoned orchards, forest gaps, hedgerows",Lowland to upland slopes,Mesic,"Deep, well-drained fertile loams",Intermediate,Introduced escape species,"Species: Prunus avium (Sweet Cherry / Mazzard). Taxonomy & Functional Type: Deciduous broadleaf tree. Climate Niche: Thrives in Warm temperate introduced climates. Topography & Elevation: Found in Abandoned orchards, forest gaps, hedgerows; Lowland to upland slopes. Soil & Hydrology: Prefers Mesic moisture regimes and Deep, well-drained fertile loams. Ecological Traits: Intermediate shade tolerance; Introduced escape species."
SA,Salix nigra,Black Willow,Deciduous broadleaf tree,Temperate to Carolinian climates,"River sandbars, muddy banks, wetland edges",Lowland stream corridors,Hydric to wet-mesic,"Wet alluvial mud, silt, sand",Very intolerant,Pioneer wetland species,"Species: Salix nigra (Black Willow). Taxonomy & Functional Type: Deciduous broadleaf tree. Climate Niche: Thrives in Temperate to Carolinian climates. Topography & Elevation: Found in River sandbars, muddy banks, wetland edges; Lowland stream corridors. Soil & Hydrology: Prefers Hydric to wet-mesic moisture regimes and Wet alluvial mud, silt, sand. Ecological Traits: Very intolerant shade tolerance; Pioneer wetland species."
SBW,Salix alba,White Willow,Deciduous tree,Temperate introduced climates,"Pond edges, stream banks, wet lowlands",Lowland riparian basins,Hydric to wet-mesic,Wet alluvial silt and clay,Very intolerant,Introduced riparian pioneer,"Species: Salix alba (White Willow). Taxonomy & Functional Type: Deciduous tree. Climate Niche: Thrives in Temperate introduced climates. Topography & Elevation: Found in Pond edges, stream banks, wet lowlands; Lowland riparian basins. Soil & Hydrology: Prefers Hydric to wet-mesic moisture regimes and Wet alluvial silt and clay. Ecological Traits: Very intolerant shade tolerance; Introduced riparian pioneer."
SF,Salix amygdaloides,Peachleaf Willow,Deciduous tree,Temperate to prairie transition climates,"Prairie stream banks, lake shores",Lowland alluvial plains,Hydric to wet-mesic,Wet alluvial sands and silts,Very intolerant,Pioneer riparian tree,"Species: Salix amygdaloides (Peachleaf Willow). Taxonomy & Functional Type: Deciduous tree. Climate Niche: Thrives in Temperate to prairie transition climates. Topography & Elevation: Found in Prairie stream banks, lake shores; Lowland alluvial plains. Soil & Hydrology: Prefers Hydric to wet-mesic moisture regimes and Wet alluvial sands and silts. Ecological Traits: Very intolerant shade tolerance; Pioneer riparian tree."
SH,Salix interior,Sandbar Willow,Deciduous shrub,Boreal to temperate climates,"Active sandbars, gravel bars, stream banks",Lowland active river channels,Hydric,Coarse wet alluvial sand and gravel,Very intolerant,Active sandbar pioneer shrub,"Species: Salix interior (Sandbar Willow). Taxonomy & Functional Type: Deciduous shrub. Climate Niche: Thrives in Boreal to temperate climates. Topography & Elevation: Found in Active sandbars, gravel bars, stream banks; Lowland active river channels. Soil & Hydrology: Prefers Hydric moisture regimes and Coarse wet alluvial sand and gravel. Ecological Traits: Very intolerant shade tolerance; Active sandbar pioneer shrub."
SK,Salix bebbiana,Bebb's Willow,Deciduous small tree / shrub,Boreal to temperate climates,"Moist thickets, stream margins, fen edges",Lowland to upland damp thickets,Wet-mesic to hydric,"Moist loams, wet organic muck",Intolerant,Wetland thicket pioneer,"Species: Salix bebbiana (Bebb's Willow). Taxonomy & Functional Type: Deciduous small tree / shrub. Climate Niche: Thrives in Boreal to temperate climates. Topography & Elevation: Found in Moist thickets, stream margins, fen edges; Lowland to upland damp thickets. Soil & Hydrology: Prefers Wet-mesic to hydric moisture regimes and Moist loams, wet organic muck. Ecological Traits: Intolerant shade tolerance; Wetland thicket pioneer."
SL,Salix lucida,Shining Willow,Deciduous shrub / small tree,Boreal to temperate climates,"River margins, lake shores, fens",Lowland wet margins,Hydric,"Wet sand, peat, alluvial mud",Intolerant,Pioneer riparian shrub,"Species: Salix lucida (Shining Willow). Taxonomy & Functional Type: Deciduous shrub / small tree. Climate Niche: Thrives in Boreal to temperate climates. Topography & Elevation: Found in River margins, lake shores, fens; Lowland wet margins. Soil & Hydrology: Prefers Hydric moisture regimes and Wet sand, peat, alluvial mud. Ecological Traits: Intolerant shade tolerance; Pioneer riparian shrub."
SM,Salix spp.,Willow (Unspecified),Deciduous tree / shrub,Boreal to temperate climates,"Wetlands, stream banks, lowlands",Lowland wet corridors,Hydric to wet-mesic,"Wet alluvial mud, sand, peat",Intolerant,Pioneer species,"Species: Salix spp. (Willow (Unspecified)). Taxonomy & Functional Type: Deciduous tree / shrub. Climate Niche: Thrives in Boreal to temperate climates. Topography & Elevation: Found in Wetlands, stream banks, lowlands; Lowland wet corridors. Soil & Hydrology: Prefers Hydric to wet-mesic moisture regimes and Wet alluvial mud, sand, peat. Ecological Traits: Intolerant shade tolerance; Pioneer species."
SNW,Salix discolor,Pussy Willow,Deciduous shrub / small tree,Boreal to temperate climates,"Swamp edges, damp thickets, roadside ditches",Lowland damp depressions,Wet-mesic to hydric,"Wet organic muck, clay loams",Intolerant,Pioneer wetland shrub,"Species: Salix discolor (Pussy Willow). Taxonomy & Functional Type: Deciduous shrub / small tree. Climate Niche: Thrives in Boreal to temperate climates. Topography & Elevation: Found in Swamp edges, damp thickets, roadside ditches; Lowland damp depressions. Soil & Hydrology: Prefers Wet-mesic to hydric moisture regimes and Wet organic muck, clay loams. Ecological Traits: Intolerant shade tolerance; Pioneer wetland shrub."
SO,Salix fragilis,Crack Willow,Deciduous tree,Temperate introduced climates,"Riverbanks, floodplains, pond margins",Lowland riparian banks,Hydric to wet-mesic,Wet alluvial silt and clay,Very intolerant,Introduced riparian tree,"Species: Salix fragilis (Crack Willow). Taxonomy & Functional Type: Deciduous tree. Climate Niche: Thrives in Temperate introduced climates. Topography & Elevation: Found in Riverbanks, floodplains, pond margins; Lowland riparian banks. Soil & Hydrology: Prefers Hydric to wet-mesic moisture regimes and Wet alluvial silt and clay. Ecological Traits: Very intolerant shade tolerance; Introduced riparian tree."
AL,Alnus incana ssp. rugosa,Speckled Alder,Deciduous shrub / small tree,Boreal to cool temperate climates,"Stream banks, swamp margins, alder thickets",Lowland wetland margins,Hydric to wet-mesic,"Wet organic peat, cold muck, alluvial silt",Intolerant,Nitrogen-fixing pioneer shrub,"Species: Alnus incana ssp. rugosa (Speckled Alder). Taxonomy & Functional Type: Deciduous shrub / small tree. Climate Niche: Thrives in Boreal to cool temperate climates. Topography & Elevation: Found in Stream banks, swamp margins, alder thickets; Lowland wetland margins. Soil & Hydrology: Prefers Hydric to wet-mesic moisture regimes and Wet organic peat, cold muck, alluvial silt. Ecological Traits: Intolerant shade tolerance; Nitrogen-fixing pioneer shrub."
AGL,Alnus glutinosa,European Black Alder,Deciduous broadleaf tree,Temperate introduced climates,"Riverbanks, flooded bottomlands",Lowland floodplains,Hydric to wet-mesic,Wet rich alluvial loams and peat,Intolerant,Introduced riparian pioneer tree,"Species: Alnus glutinosa (European Black Alder). Taxonomy & Functional Type: Deciduous broadleaf tree. Climate Niche: Thrives in Temperate introduced climates. Topography & Elevation: Found in Riverbanks, flooded bottomlands; Lowland floodplains. Soil & Hydrology: Prefers Hydric to wet-mesic moisture regimes and Wet rich alluvial loams and peat. Ecological Traits: Intolerant shade tolerance; Introduced riparian pioneer tree."
AR,Alnus rubra,Red Alder,Deciduous broadleaf tree,Cool wet maritime climates,"Moist stream floodplains, logged slopes",Lowland to mid-elevation valleys,Mesic to wet-mesic,"Deep, moist, well-drained loams",Very intolerant,Nitrogen-fixing pioneer tree,"Species: Alnus rubra (Red Alder). Taxonomy & Functional Type: Deciduous broadleaf tree. Climate Niche: Thrives in Cool wet maritime climates. Topography & Elevation: Found in Moist stream floodplains, logged slopes; Lowland to mid-elevation valleys. Soil & Hydrology: Prefers Mesic to wet-mesic moisture regimes and Deep, moist, well-drained loams. Ecological Traits: Very intolerant shade tolerance; Nitrogen-fixing pioneer tree."
AV,Alnus viridis ssp. crispa,Mountain Alder,Deciduous shrub,Subarctic and boreal alpine climates,"Rocky mountain slopes, stream banks",Subalpine rocky slopes,Mesic to wet-mesic,"Coarse rocky gravels, acidic shallow soils",Intolerant,Pioneer alpine shrub,"Species: Alnus viridis ssp. crispa (Mountain Alder). Taxonomy & Functional Type: Deciduous shrub. Climate Niche: Thrives in Subarctic and boreal alpine climates. Topography & Elevation: Found in Rocky mountain slopes, stream banks; Subalpine rocky slopes. Soil & Hydrology: Prefers Mesic to wet-mesic moisture regimes and Coarse rocky gravels, acidic shallow soils. Ecological Traits: Intolerant shade tolerance; Pioneer alpine shrub."
BE,Fagus grandifolia,American Beech,Deciduous broadleaf hardwood tree,Great Lakes-St. Lawrence and Carolinian climates,"Rich upland hardwood forests, beech-maple ridges",Mid-elevation rolling slopes,Mesic,"Deep, rich, well-drained fertile loams",Very tolerant,Late-successional climax species,"Species: Fagus grandifolia (American Beech). Taxonomy & Functional Type: Deciduous broadleaf hardwood tree. Climate Niche: Thrives in Great Lakes-St. Lawrence and Carolinian climates. Topography & Elevation: Found in Rich upland hardwood forests, beech-maple ridges; Mid-elevation rolling slopes. Soil & Hydrology: Prefers Mesic moisture regimes and Deep, rich, well-drained fertile loams. Ecological Traits: Very tolerant shade tolerance; Late-successional climax species."
BI,Fagus sylvatica,European Beech,Deciduous broadleaf tree,Temperate introduced climates,"Urban parks, estate plantings",Lowland to upland parks,Mesic,Deep fertile moist loams,Very tolerant,Introduced climax tree,"Species: Fagus sylvatica (European Beech). Taxonomy & Functional Type: Deciduous broadleaf tree. Climate Niche: Thrives in Temperate introduced climates. Topography & Elevation: Found in Urban parks, estate plantings; Lowland to upland parks. Soil & Hydrology: Prefers Mesic moisture regimes and Deep fertile moist loams. Ecological Traits: Very tolerant shade tolerance; Introduced climax tree."
CA,Castanea dentata,American Chestnut,Deciduous broadleaf tree,Carolinian warm temperate climates,"Dry sandy upland ridges, acidic hardwood stands",Upland sandy ridges,Dry-mesic to mesic,"Deep, well-drained, acidic sandy loams",Intermediate,Historical climax canopy species,"Species: Castanea dentata (American Chestnut). Taxonomy & Functional Type: Deciduous broadleaf tree. Climate Niche: Thrives in Carolinian warm temperate climates. Topography & Elevation: Found in Dry sandy upland ridges, acidic hardwood stands; Upland sandy ridges. Soil & Hydrology: Prefers Dry-mesic to mesic moisture regimes and Deep, well-drained, acidic sandy loams. Ecological Traits: Intermediate shade tolerance; Historical climax canopy species."
BA,Tilia americana,Basswood,Deciduous broadleaf hardwood tree,Great Lakes-St. Lawrence and Carolinian climates,"Rich hardwood forests, fertile slopes, river valleys",Lower-to-mid upland slopes,Mesic,"Deep, rich, moist, calcareous silt loams",Intermediate to tolerant,Late-successional species,"Species: Tilia americana (Basswood). Taxonomy & Functional Type: Deciduous broadleaf hardwood tree. Climate Niche: Thrives in Great Lakes-St. Lawrence and Carolinian climates. Topography & Elevation: Found in Rich hardwood forests, fertile slopes, river valleys; Lower-to-mid upland slopes. Soil & Hydrology: Prefers Mesic moisture regimes and Deep, rich, moist, calcareous silt loams. Ecological Traits: Intermediate to tolerant shade tolerance; Late-successional species."
BD,Tilia cordata,Littleleaf Linden,Deciduous tree,Temperate introduced climates,"Urban streetscapes, parks",Lowland urban sites,Mesic,"Moist, rich, well-drained loams",Tolerant,Introduced ornamental tree,"Species: Tilia cordata (Littleleaf Linden). Taxonomy & Functional Type: Deciduous tree. Climate Niche: Thrives in Temperate introduced climates. Topography & Elevation: Found in Urban streetscapes, parks; Lowland urban sites. Soil & Hydrology: Prefers Mesic moisture regimes and Moist, rich, well-drained loams. Ecological Traits: Tolerant shade tolerance; Introduced ornamental tree."
IW,Ostrya virginiana,Ironwood / Hop-hornbeam,Deciduous understory hardwood tree,Great Lakes-St. Lawrence and Carolinian climates,"Understory of rich hardwood forests, dry slopes",Mid-to-upper upland slopes,Dry-mesic to mesic,"Well-drained loams, shallow dry limestone soils",Very tolerant,Understory climax species,"Species: Ostrya virginiana (Ironwood / Hop-hornbeam). Taxonomy & Functional Type: Deciduous understory hardwood tree. Climate Niche: Thrives in Great Lakes-St. Lawrence and Carolinian climates. Topography & Elevation: Found in Understory of rich hardwood forests, dry slopes; Mid-to-upper upland slopes. Soil & Hydrology: Prefers Dry-mesic to mesic moisture regimes and Well-drained loams, shallow dry limestone soils. Ecological Traits: Very tolerant shade tolerance; Understory climax species."
BLUE,Carpinus caroliniana,Blue Beech / Musclewood,Deciduous understory hardwood tree,Southern and Carolinian Ontario climates,"Understory of moist hardwood forests, stream margins",Lowland stream margins and lower slopes,Mesic to wet-mesic,"Deep, rich, moist, fertile loams",Very tolerant,Understory climax species,"Species: Carpinus caroliniana (Blue Beech / Musclewood). Taxonomy & Functional Type: Deciduous understory hardwood tree. Climate Niche: Thrives in Southern and Carolinian Ontario climates. Topography & Elevation: Found in Understory of moist hardwood forests, stream margins; Lowland stream margins and lower slopes. Soil & Hydrology: Prefers Mesic to wet-mesic moisture regimes and Deep, rich, moist, fertile loams. Ecological Traits: Very tolerant shade tolerance; Understory climax species."
SY,Platanus occidentalis,American Sycamore,Deciduous broadleaf hardwood tree,Carolinian warm temperate climates,"River floodplains, sandbars, alluvial riverbanks",Lowland active floodplains,Wet-mesic to hydric,"Rich moist alluvial silt, gravel, and sand",Intolerant,Pioneer riparian species,"Species: Platanus occidentalis (American Sycamore). Taxonomy & Functional Type: Deciduous broadleaf hardwood tree. Climate Niche: Thrives in Carolinian warm temperate climates. Topography & Elevation: Found in River floodplains, sandbars, alluvial riverbanks; Lowland active floodplains. Soil & Hydrology: Prefers Wet-mesic to hydric moisture regimes and Rich moist alluvial silt, gravel, and sand. Ecological Traits: Intolerant shade tolerance; Pioneer riparian species."
TU,Liriodendron tulipifera,Tulip Tree,Deciduous broadleaf hardwood tree,Carolinian warm temperate climates,"Rich sheltered coves, lower slopes, fertile bottomlands",Lowland coves and gentle slopes,Mesic,"Deep, rich, moist, well-drained organic loams",Intolerant,Early-to-mid successional species,"Species: Liriodendron tulipifera (Tulip Tree). Taxonomy & Functional Type: Deciduous broadleaf hardwood tree. Climate Niche: Thrives in Carolinian warm temperate climates. Topography & Elevation: Found in Rich sheltered coves, lower slopes, fertile bottomlands; Lowland coves and gentle slopes. Soil & Hydrology: Prefers Mesic moisture regimes and Deep, rich, moist, well-drained organic loams. Ecological Traits: Intolerant shade tolerance; Early-to-mid successional species."
HK,Celtis occidentalis,Hackberry,Deciduous broadleaf hardwood tree,Southern and eastern Ontario climates,"Floodplains, limestone ridges, sand dunes",Lowland floodplains to dry limestone crests,Dry-mesic to wet-mesic,Rich moist alluvial soils to dry rocky limestone,Intermediate,Early-to-mid successional species,"Species: Celtis occidentalis (Hackberry). Taxonomy & Functional Type: Deciduous broadleaf hardwood tree. Climate Niche: Thrives in Southern and eastern Ontario climates. Topography & Elevation: Found in Floodplains, limestone ridges, sand dunes; Lowland floodplains to dry limestone crests. Soil & Hydrology: Prefers Dry-mesic to wet-mesic moisture regimes and Rich moist alluvial soils to dry rocky limestone. Ecological Traits: Intermediate shade tolerance; Early-to-mid successional species."
SAS,Sassafras albidum,Sassafras,Deciduous broadleaf tree,Carolinian warm temperate climates,"Old fields, dry forest margins, sandy ridges",Upland sandy ridges and fields,Dry-mesic to xeric,"Well-drained, sandy, acidic loams",Intolerant,Pioneer species on dry sands,"Species: Sassafras albidum (Sassafras). Taxonomy & Functional Type: Deciduous broadleaf tree. Climate Niche: Thrives in Carolinian warm temperate climates. Topography & Elevation: Found in Old fields, dry forest margins, sandy ridges; Upland sandy ridges and fields. Soil & Hydrology: Prefers Dry-mesic to xeric moisture regimes and Well-drained, sandy, acidic loams. Ecological Traits: Intolerant shade tolerance; Pioneer species on dry sands."
GYM,Gymnocladus dioicus,Kentucky Coffeetree,Deciduous broadleaf tree,Carolinian rare warm temperate climates,"Floodplain edges, rich limestone ravines",Lowland fertile terraces,Mesic to wet-mesic,"Deep, rich, moist limestone and alluvial loams",Intolerant,Rare early-to-mid successional tree,"Species: Gymnocladus dioicus (Kentucky Coffeetree). Taxonomy & Functional Type: Deciduous broadleaf tree. Climate Niche: Thrives in Carolinian rare warm temperate climates. Topography & Elevation: Found in Floodplain edges, rich limestone ravines; Lowland fertile terraces. Soil & Hydrology: Prefers Mesic to wet-mesic moisture regimes and Deep, rich, moist limestone and alluvial loams. Ecological Traits: Intolerant shade tolerance; Rare early-to-mid successional tree."
GLED,Gleditsia triacanthos,Honey Locust,Deciduous broadleaf tree,Carolinian to southern Ontario climates,"River bottomlands, urban fields, lake shorelines",Lowland floodplains,Mesic to dry-mesic,"Adaptable, rich, moist or dry alkaline soils",Very intolerant,Pioneer to early successional species,"Species: Gleditsia triacanthos (Honey Locust). Taxonomy & Functional Type: Deciduous broadleaf tree. Climate Niche: Thrives in Carolinian to southern Ontario climates. Topography & Elevation: Found in River bottomlands, urban fields, lake shorelines; Lowland floodplains. Soil & Hydrology: Prefers Mesic to dry-mesic moisture regimes and Adaptable, rich, moist or dry alkaline soils. Ecological Traits: Very intolerant shade tolerance; Pioneer to early successional species."
MAG,Magnolia acuminata,Cucumber Tree,Deciduous broadleaf tree,Carolinian warm humid climates,"Rich sheltered hardwood coves, fertile ravines",Moist sheltered ravines,Mesic,"Deep, rich, moist, well-drained acidic loams",Intermediate,Rare climax forest species,"Species: Magnolia acuminata (Cucumber Tree). Taxonomy & Functional Type: Deciduous broadleaf tree. Climate Niche: Thrives in Carolinian warm humid climates. Topography & Elevation: Found in Rich sheltered hardwood coves, fertile ravines; Moist sheltered ravines. Soil & Hydrology: Prefers Mesic moisture regimes and Deep, rich, moist, well-drained acidic loams. Ecological Traits: Intermediate shade tolerance; Rare climax forest species."
PT,Ptelea trifoliata,Common Hoptree,Deciduous small tree / shrub,Carolinian shoreline climates,"Lake Erie sand dunes, beach crests, limestone openings",Coastal dune crests,Xeric to dry-mesic,"Dry sandy dunes, shallow rocky limestone",Intolerant,Coastal dune pioneer shrub,"Species: Ptelea trifoliata (Common Hoptree). Taxonomy & Functional Type: Deciduous small tree / shrub. Climate Niche: Thrives in Carolinian shoreline climates. Topography & Elevation: Found in Lake Erie sand dunes, beach crests, limestone openings; Coastal dune crests. Soil & Hydrology: Prefers Xeric to dry-mesic moisture regimes and Dry sandy dunes, shallow rocky limestone. Ecological Traits: Intolerant shade tolerance; Coastal dune pioneer shrub."
NYS,Nyssa sylvatica,Blackgum / Tupelo,Deciduous broadleaf tree,Carolinian warm temperate climates,"Wooded swamps, wet clay flats, ravines",Lowland swamp basins,Hydric to wet-mesic,"Poorly drained wet acidic clay and muck",Tolerant,Late-successional wet forest species,"Species: Nyssa sylvatica (Blackgum / Tupelo). Taxonomy & Functional Type: Deciduous broadleaf tree. Climate Niche: Thrives in Carolinian warm temperate climates. Topography & Elevation: Found in Wooded swamps, wet clay flats, ravines; Lowland swamp basins. Soil & Hydrology: Prefers Hydric to wet-mesic moisture regimes and Poorly drained wet acidic clay and muck. Ecological Traits: Tolerant shade tolerance; Late-successional wet forest species."
HAM,Hamamelis virginiana,Witch-hazel,Deciduous small tree / shrub,Temperate to Carolinian climates,"Rich hardwood forest understory, moist ravines",Moist forest understory,Mesic,"Deep, moist, acidic organic loams",Tolerant,Understory shrub,"Species: Hamamelis virginiana (Witch-hazel). Taxonomy & Functional Type: Deciduous small tree / shrub. Climate Niche: Thrives in Temperate to Carolinian climates. Topography & Elevation: Found in Rich hardwood forest understory, moist ravines; Moist forest understory. Soil & Hydrology: Prefers Mesic moisture regimes and Deep, moist, acidic organic loams. Ecological Traits: Tolerant shade tolerance; Understory shrub."
RHO,Rhus typhina,Staghorn Sumac,Deciduous small tree / shrub,Temperate climates,"Roadsides, dry bank cuts, abandoned fields",Upland disturbed banks,Xeric to dry-mesic,"Poor dry gravels, sands, rocky soils",Very intolerant,Pioneer clonal shrub,"Species: Rhus typhina (Staghorn Sumac). Taxonomy & Functional Type: Deciduous small tree / shrub. Climate Niche: Thrives in Temperate climates. Topography & Elevation: Found in Roadsides, dry bank cuts, abandoned fields; Upland disturbed banks. Soil & Hydrology: Prefers Xeric to dry-mesic moisture regimes and Poor dry gravels, sands, rocky soils. Ecological Traits: Very intolerant shade tolerance; Pioneer clonal shrub."
ROB,Robinia pseudoacacia,Black Locust,Deciduous broadleaf tree,Temperate introduced climates,"Disturbed roadsides, sand plains, old quarries",Lowland to upland disturbed sites,Dry-mesic to xeric,Coarse dry sandy and gravelly soils,Very intolerant,Invasive nitrogen-fixing pioneer tree,"Species: Robinia pseudoacacia (Black Locust). Taxonomy & Functional Type: Deciduous broadleaf tree. Climate Niche: Thrives in Temperate introduced climates. Topography & Elevation: Found in Disturbed roadsides, sand plains, old quarries; Lowland to upland disturbed sites. Soil & Hydrology: Prefers Dry-mesic to xeric moisture regimes and Coarse dry sandy and gravelly soils. Ecological Traits: Very intolerant shade tolerance; Invasive nitrogen-fixing pioneer tree."
RHA,Rhamnus cathartica,European Buckthorn,Deciduous invasive shrub / small tree,Temperate introduced invasive climates,"Forest edges, abandoned fields, disturbed woodlots",Adaptable woodlots,Dry-mesic to wet-mesic,"Adaptable fertile to clay soils",Tolerant,Invasive persistent shrub,"Species: Rhamnus cathartica (European Buckthorn). Taxonomy & Functional Type: Deciduous invasive shrub / small tree. Climate Niche: Thrives in Temperate introduced invasive climates. Topography & Elevation: Found in Forest edges, abandoned fields, disturbed woodlots; Adaptable woodlots. Soil & Hydrology: Prefers Dry-mesic to wet-mesic moisture regimes and Adaptable fertile to clay soils. Ecological Traits: Tolerant shade tolerance; Invasive persistent shrub."
RHF,Frangula alnus,Glossy Buckthorn,Deciduous invasive shrub,Temperate introduced invasive climates,"Fens, bogs, wet meadows, damp forest gaps",Lowland wetland margins,Wet-mesic to hydric,"Wet acidic organic peat, damp sandy loams",Intermediate to tolerant,Invasive wetland shrub,"Species: Frangula alnus (Glossy Buckthorn). Taxonomy & Functional Type: Deciduous invasive shrub. Climate Niche: Thrives in Temperate introduced invasive climates. Topography & Elevation: Found in Fens, bogs, wet meadows, damp forest gaps; Lowland wetland margins. Soil & Hydrology: Prefers Wet-mesic to hydric moisture regimes and Wet acidic organic peat, damp sandy loams. Ecological Traits: Intermediate to tolerant shade tolerance; Invasive wetland shrub."
SOR,Sorbus americana,American Mountain-Ash,Deciduous small tree,Boreal to cool temperate climates,"Cool moist rocky slopes, forest margins, bogs",Subalpine to rocky uplands,Mesic to wet-mesic,"Cool, moist, acidic rocky loams",Intermediate,Subalpine to boreal understory tree,"Species: Sorbus americana (American Mountain-Ash). Taxonomy & Functional Type: Deciduous small tree. Climate Niche: Thrives in Boreal to cool temperate climates. Topography & Elevation: Found in Cool moist rocky slopes, forest margins, bogs; Subalpine to rocky uplands. Soil & Hydrology: Prefers Mesic to wet-mesic moisture regimes and Cool, moist, acidic rocky loams. Ecological Traits: Intermediate shade tolerance; Subalpine to boreal understory tree."
SOU,Sorbus decora,Showy Mountain-Ash,Deciduous small tree,Boreal cold climates,"Rocky shores, boreal forest gaps, high bluffs",High rocky shores and crests,Mesic to dry-mesic,Coarse acidic shallow rocky soils,Intermediate,Boreal forest gap tree,"Species: Sorbus decora (Showy Mountain-Ash). Taxonomy & Functional Type: Deciduous small tree. Climate Niche: Thrives in Boreal cold climates. Topography & Elevation: Found in Rocky shores, boreal forest gaps, high bluffs; High rocky shores and crests. Soil & Hydrology: Prefers Mesic to dry-mesic moisture regimes and Coarse acidic shallow rocky soils. Ecological Traits: Intermediate shade tolerance; Boreal forest gap tree."
SOE,Sorbus aucuparia,European Mountain-Ash / Rowan,Deciduous tree,Cool temperate introduced climates,"Urban areas, woodlot edges, roadsides",Lowland to mid-elevation plains,Mesic,Well-drained acidic loams,Intermediate,Introduced naturalized tree,"Species: Sorbus aucuparia (European Mountain-Ash / Rowan). Taxonomy & Functional Type: Deciduous tree. Climate Niche: Thrives in Cool temperate introduced climates. Topography & Elevation: Found in Urban areas, woodlot edges, roadsides; Lowland to mid-elevation plains. Soil & Hydrology: Prefers Mesic moisture regimes and Well-drained acidic loams. Ecological Traits: Intermediate shade tolerance; Introduced naturalized tree."
EUG,Euonymus atropurpureus,Eastern Wahoo / Burningbush,Deciduous shrub / small tree,Carolinian warm temperate climates,"Rich floodplain woods, moist ravines",Lowland moist woods,Mesic to wet-mesic,"Rich, moist, calcareous alluvial soils",Tolerant,Understory shrub,"Species: Euonymus atropurpureus (Eastern Wahoo / Burningbush). Taxonomy & Functional Type: Deciduous shrub / small tree. Climate Niche: Thrives in Carolinian warm temperate climates. Topography & Elevation: Found in Rich floodplain woods, moist ravines; Lowland moist woods. Soil & Hydrology: Prefers Mesic to wet-mesic moisture regimes and Rich, moist, calcareous alluvial soils. Ecological Traits: Tolerant shade tolerance; Understory shrub."
AT,Amelanchier spp.,Serviceberry / Juneberry / Saskatoon,Deciduous small tree / shrub,Boreal to Carolinian climates,"Rocky ridges, forest edges, cliff tops, sand dunes",Lowland to high rocky bluffs,Dry-mesic to mesic,"Adaptable sandy, gravelly, and rocky loams",Intermediate,Early successional small tree,"Species: Amelanchier spp. (Serviceberry / Juneberry / Saskatoon). Taxonomy & Functional Type: Deciduous small tree / shrub. Climate Niche: Thrives in Boreal to Carolinian climates. Topography & Elevation: Found in Rocky ridges, forest edges, cliff tops, sand dunes; Lowland to high rocky bluffs. Soil & Hydrology: Prefers Dry-mesic to mesic moisture regimes and Adaptable sandy, gravelly, and rocky loams. Ecological Traits: Intermediate shade tolerance; Early successional small tree."
CRB,Crataegus spp.,Hawthorn (Unspecified),Deciduous small tree / shrub,Temperate climates,"Abandoned pastures, fencerows, open savannas",Upland fields and pastures,Dry-mesic to mesic,"Heavy clay, limestone soils, compact loams",Intolerant,Old-field pioneer shrub,"Species: Crataegus spp. (Hawthorn (Unspecified)). Taxonomy & Functional Type: Deciduous small tree / shrub. Climate Niche: Thrives in Temperate climates. Topography & Elevation: Found in Abandoned pastures, fencerows, open savannas; Upland fields and pastures. Soil & Hydrology: Prefers Dry-mesic to mesic moisture regimes and Heavy clay, limestone soils, compact loams. Ecological Traits: Intolerant shade tolerance; Old-field pioneer shrub."
AP,Malus coronaria,Sweet Crabapple,Deciduous small tree,Carolinian warm temperate climates,"Open thickets, stream borders, old fields",Lowland to mid-elevation thickets,Mesic,Rich moist loams and heavy clays,Intolerant,Old-field pioneer tree,"Species: Malus coronaria (Sweet Crabapple). Taxonomy & Functional Type: Deciduous small tree. Climate Niche: Thrives in Carolinian warm temperate climates. Topography & Elevation: Found in Open thickets, stream borders, old fields; Lowland to mid-elevation thickets. Soil & Hydrology: Prefers Mesic moisture regimes and Rich moist loams and heavy clays. Ecological Traits: Intolerant shade tolerance; Old-field pioneer tree."
APM,Malus domestica,Apple,Deciduous tree,Temperate introduced climates,"Abandoned orchards, fencerows, pasture edges",Lowland to upland fields,Mesic,Well-drained fertile loams,Intolerant,Introduced escape pioneer,"Species: Malus domestica (Apple). Taxonomy & Functional Type: Deciduous tree. Climate Niche: Thrives in Temperate introduced climates. Topography & Elevation: Found in Abandoned orchards, fencerows, pasture edges; Lowland to upland fields. Soil & Hydrology: Prefers Mesic moisture regimes and Well-drained fertile loams. Ecological Traits: Intolerant shade tolerance; Introduced escape pioneer."
CORN,Cornus florida,Flowering Dogwood,Deciduous small tree / understory,Carolinian warm temperate climates,"Understory of rich hardwood slopes, sheltered ravines",Moist upland slopes,Mesic,"Deep, rich, moist, acidic organic loams",Tolerant,Understory climax tree,"Species: Cornus florida (Flowering Dogwood). Taxonomy & Functional Type: Deciduous small tree / understory. Climate Niche: Thrives in Carolinian warm temperate climates. Topography & Elevation: Found in Understory of rich hardwood slopes, sheltered ravines; Moist upland slopes. Soil & Hydrology: Prefers Mesic moisture regimes and Deep, rich, moist, acidic organic loams. Ecological Traits: Tolerant shade tolerance; Understory climax tree."
CORA,Cornus alternifolia,Alternate-leaf Dogwood / Pagoda Dogwood,Deciduous small tree / shrub,Great Lakes-St. Lawrence temperate climates,"Rich hardwood forest understory, moist ravines",Moist understory slopes,Mesic to wet-mesic,"Deep, cool, moist acidic loams",Tolerant,Understory shrub,"Species: Cornus alternifolia (Alternate-leaf Dogwood / Pagoda Dogwood). Taxonomy & Functional Type: Deciduous small tree / shrub. Climate Niche: Thrives in Great Lakes-St. Lawrence temperate climates. Topography & Elevation: Found in Rich hardwood forest understory, moist ravines; Moist understory slopes. Soil & Hydrology: Prefers Mesic to wet-mesic moisture regimes and Deep, cool, moist acidic loams. Ecological Traits: Tolerant shade tolerance; Understory shrub."
CORS,Cornus sericea,Red-osier Dogwood,Deciduous shrub,Boreal to temperate climates,"Swamp edges, stream margins, wet meadows",Lowland wetland corridors,Hydric to wet-mesic,"Wet organic muck, rich alluvial silt",Intermediate to tolerant,Wetland thicket shrub,"Species: Cornus sericea (Red-osier Dogwood). Taxonomy & Functional Type: Deciduous shrub. Climate Niche: Thrives in Boreal to temperate climates. Topography & Elevation: Found in Swamp edges, stream margins, wet meadows; Lowland wetland corridors. Soil & Hydrology: Prefers Hydric to wet-mesic moisture regimes and Wet organic muck, rich alluvial silt. Ecological Traits: Intermediate to tolerant shade tolerance; Wetland thicket shrub."
VIB,Viburnum lentago,Nannyberry,Deciduous small tree / shrub,Temperate climates,"Forest edges, stream banks, swamp borders",Lowland to upland damp borders,Mesic to wet-mesic,"Rich, moist, well-drained loams",Intermediate,Early-to-mid successional shrub,"Species: Viburnum lentago (Nannyberry). Taxonomy & Functional Type: Deciduous small tree / shrub. Climate Niche: Thrives in Temperate climates. Topography & Elevation: Found in Forest edges, stream banks, swamp borders; Lowland to upland damp borders. Soil & Hydrology: Prefers Mesic to wet-mesic moisture regimes and Rich, moist, well-drained loams. Ecological Traits: Intermediate shade tolerance; Early-to-mid successional shrub."
VIBL,Viburnum trilobum,Highbush Cranberry,Deciduous shrub,Boreal to temperate climates,"Moist thickets, swamp borders, stream banks",Lowland wet thickets,Wet-mesic to hydric,"Moist organic muck, wet mineral silts",Intermediate to tolerant,Wetland shrub,"Species: Viburnum trilobum (Highbush Cranberry). Taxonomy & Functional Type: Deciduous shrub. Climate Niche: Thrives in Boreal to temperate climates. Topography & Elevation: Found in Moist thickets, swamp borders, stream banks; Lowland wet thickets. Soil & Hydrology: Prefers Wet-mesic to hydric moisture regimes and Moist organic muck, wet mineral silts. Ecological Traits: Intermediate to tolerant shade tolerance; Wetland shrub."
CEPH,Cephalanthus occidentalis,Buttonbush,Deciduous wetland shrub,Temperate to Carolinian climates,"Shallow water swamps, pond margins, marshes",Lowland active wetland basins,Hydric,Organic muck in standing water,Intermediate,Wetland pioneer shrub,"Species: Cephalanthus occidentalis (Buttonbush). Taxonomy & Functional Type: Deciduous wetland shrub. Climate Niche: Thrives in Temperate to Carolinian climates. Topography & Elevation: Found in Shallow water swamps, pond margins, marshes; Lowland active wetland basins. Soil & Hydrology: Prefers Hydric moisture regimes and Organic muck in standing water. Ecological Traits: Intermediate shade tolerance; Wetland pioneer shrub."
OH,Angiospermae spp.,Other Hardwood (Unspecified),Deciduous broadleaf tree,Temperate to boreal climates,Variable hardwood forest stands,Lowland to upland,Dry-mesic to wet-mesic,Variable mineral soils,Variable,Variable successional stage,"Species: Angiospermae spp. (Other Hardwood (Unspecified)). Taxonomy & Functional Type: Deciduous broadleaf tree. Climate Niche: Thrives in Temperate to boreal climates. Topography & Elevation: Found in Variable hardwood forest stands; Lowland to upland. Soil & Hydrology: Prefers Dry-mesic to wet-mesic moisture regimes and Variable mineral soils. Ecological Traits: Variable shade tolerance; Variable successional stage."
U,Unknown species,Unclassified / Unknown Tree,Tree / Woody vegetation,Unclassified,Unclassified site,Unclassified elevation,Unclassified,Unclassified substrate,Unclassified,Unclassified stage,"Species: Unknown species (Unclassified / Unknown Tree). Taxonomy & Functional Type: Tree / Woody vegetation. Climate Niche: Thrives in Unclassified. Topography & Elevation: Found in Unclassified site; Unclassified elevation. Soil & Hydrology: Prefers Unclassified moisture regimes and Unclassified substrate. Ecological Traits: Unclassified shade tolerance; Unclassified stage."
